name,alt,alignment,type,size,armour_name,armor_bonus,ac,hp,level,hd,str,dex,con,int,wis,cha,attack_parameters,cr,xp,regen,actions,vulnerabilities,healing_bonus,sc_ability,log,proficiency,initiative_bonus,ab_str,ab_dex,ab_con,ab_int,ab_wis,ab_cha,max_morale
aboleth,,lawful evil ,aberration,large,natural armor,7,17,135,18,10,21,9,15,18,15,18,"[[""tentacle"", 9, 5, 6, 6], [""tentacle"", 9, 5, 6, 6], [""tentacle"", 9, 5, 6, 6]]",10,5900,0,none,,,none,NO ENSLAVE,,0,5,0,0,4,2,4,12
acolyte,,any ,humanoid (any race),medium,,0,10,9,2,8,10,10,10,10,14,11,"[[""club"", 2, 0, 4]]",0.25,50,0,none,,,none,,,0,0,0,0,0,2,0,10
adult black dragon,,chaotic evil ,dragon,huge,natural armor,7,19,195,17,12,23,14,21,14,13,17,"[[""bite"", 11, 6, 10, 10], [""claw"", 11, 6, 6, 6], [""claw"", 11, 6, 6, 6]]",14,11500,0,"[
   {
      ""name"":""breath weapon"",
   ""role"":""damage"",
      ""num_targets"":[
         4
      ],
   ""max_targets"":12,
      ""type"":""acid"",
      ""save"":""dx"",
      ""dc"":18,
      ""damage"":[
         8,
         8,
         8,
         8,
         8,
         8,
         8,
         8,
         8,
         8,
         8,
         8
      ],
      ""on_save"":[
         8,
         8,
         8,
         8,
         8,
         8
      ],
   ""recharge"":5,
   ""recharge_threshold"":5,
   ""usable"": true
   }
]","{""acid"": 0}",,none,,,2,6,2,5,2,1,3,18
adult blue dragon,,lawful evil ,dragon,huge,natural armor,9,19,225,18,12,25,10,23,16,15,19,"[[""bite"", 12, 7, 10, 10], [""claw"", 12, 7, 6, 6], [""claw"", 12, 7, 6, 6]]",16,15000,0,"[
   {
      ""name"":""breath weapon"",
   ""role"":""damage"",
      ""num_targets"":[
         4
      ],
   ""max_targets"":18,
      ""type"":""lightning"",
      ""save"":""dx"",
      ""dc"":19,
      ""damage"":[
         10,
         10,
         10,
         10,
         10,
         10,
         10,
         10,
         10,
         10,
         10,
         10
      ],
      ""on_save"":[
         10,
         10,
         10,
         10,
         10,
         10
      ],
   ""recharge"":5,
   ""recharge_threshold"":5,
   ""usable"": true
   }
]","{""lightning"": 0}",,none,"NO FRIGHTENING PRESENCE, BREATH WEAPON, OR LEGENDARY ACTIONS",,0,7,0,6,3,2,4,22
adult brass dragon,,chaotic good ,dragon,huge,natural armor,8,18,172,15,12,23,10,21,14,13,17,"[[""bite"", 11, 6, 10, 10], [""claw"", 11, 6, 6, 6], [""claw"", 11, 6, 6, 6]]",13,10000,0,"[
   {
      ""name"":""breath weapon"",
   ""role"":""damage"",
      ""num_targets"":[
         4
      ],
   ""max_targets"":12,
      ""type"":""fire"",
      ""save"":""dx"",
      ""dc"":18,
      ""damage"":[
         6,
         6,
         6,
         6,
         6,
         6,
         6,
         6,
         6,
         6,
         6,
         6,
   6
      ],
      ""on_save"":[
         6,
         6,
         6,
         6,
         6,
         6
      ],
   ""recharge"":5,
   ""recharge_threshold"":5,
   ""usable"": true
   }
]","{""acid"": 0}",,none,"NO FRIGHTENING PRESENCE, BREATH WEAPON, OR LEGENDARY ACTIONS",,0,6,0,5,2,1,3,16.5
adult bronze dragon,,lawful good ,dragon,huge,natural armor,9,19,212,17,12,25,10,23,16,15,19,"[[""bite"", 12, 7, 10, 10], [""claw"", 12, 7, 6, 6], [""claw"", 12, 7, 6, 6]]",15,13000,0,"[
   {
      ""name"":""breath weapon"",
   ""role"":""damage"",
      ""num_targets"":[
         4
      ],
   ""max_targets"":18,
      ""type"":""lightning"",
      ""save"":""dx"",
      ""dc"":19,
      ""damage"":[
         10,
         10,
         10,
         10,
         10,
         10,
         10,
         10,
         10,
         10,
         10,
         10
      ],
      ""on_save"":[
         10,
         10,
         10,
         10,
         10,
         10
      ],
   ""recharge"":5,
   ""recharge_threshold"":5,
   ""usable"": true
   }
]","{""lightning"": 0}",,none,"NO FRIGHTENING PRESENCE, BREATH WEAPON, OR LEGENDARY ACTIONS",,0,7,0,6,3,2,4,20
adult copper dragon,,chaotic good ,dragon,huge,natural armor,7,18,184,16,12,23,12,21,18,15,17,"[[""bite"", 11, 6, 10, 10], [""claw"", 11, 6, 6, 6], [""claw"", 11, 6, 6, 6]]",14,11500,0,"[
   {
      ""name"":""breath weapon"",
   ""role"":""damage"",
      ""num_targets"":[
         4
      ],
   ""max_targets"":12,
      ""type"":""acid"",
      ""save"":""dx"",
      ""dc"":18,
      ""damage"":[
         8,
         8,
         8,
         8,
         8,
         8,
         8,
         8,
         8,
         8,
         8,
         8
      ],
      ""on_save"":[
         8,
         8,
         8,
         8,
         8,
         8
      ],
   ""recharge"":5,
   ""recharge_threshold"":5,
   ""usable"": true
   }
]","{""acid"": 0}",,none,"NO FRIGHTENING PRESENCE, BREATH WEAPON, OR LEGENDARY ACTIONS",,1,6,1,5,4,2,3,18
adult gold dragon,,lawful good ,dragon,huge,natural armor,7,19,256,19,12,27,14,25,16,15,24,"[[""bite"", 14, 8, 10, 10], [""claw"", 14, 8, 6, 6], [""claw"", 14, 8, 6, 6]]",17,18000,0,"[
   {
      ""name"":""breath weapon"",
   ""role"":""damage"",
      ""num_targets"":[
         4
      ],
   ""max_targets"":68,
      ""type"":""fire"",
      ""save"":""dx"",
      ""dc"":21,
      ""damage"":[
         10,
         10,
         10,
         10,
         10,
         10,
         10,
         10,
         10,
         10,
         10,
         10
      ],
      ""on_save"":[
         10,
         10,
         10,
         10,
         10,
         10
      ],
   ""recharge"":5,
   ""recharge_threshold"":5,
   ""usable"": true
   }
]","{""fire"": 0}",,none,"NO FRIGHTENING PRESENCE, BREATH WEAPON, OR LEGENDARY ACTIONS",,2,8,2,7,3,2,7,24
adult green dragon,,lawful evil ,dragon,huge,natural armor,8,19,207,18,12,23,12,21,18,15,17,"[[""bite"", 11, 6, 10, 10], [""claw"", 11, 6, 6, 6], [""claw"", 11, 6, 6, 6]]",15,13000,0,"[
   {
      ""name"":""breath weapon"",
   ""role"":""damage"",
      ""num_targets"":[
         4
      ],
   ""max_targets"":68,
      ""type"":""poison"",
      ""save"":""cn"",
      ""dc"":18,
      ""damage"":[
         6,
         6,
         6,
         6,
         6,
         6,
         6,
         6,
         6,
         6,
         6,
         6,
   6,
   6,
   6,
   6
      ],
      ""on_save"":[
         6,
         6,
         6,
         6,
         6,
         6,
   6,
   6
      ],
   ""recharge"":5,
   ""recharge_threshold"":5,
   ""usable"": true
   }
]","{""poison"": 0}",,none,"NO FRIGHTENING PRESENCE, BREATH WEAPON, OR LEGENDARY ACTIONS",,1,6,1,5,4,2,3,20
adult red dragon,,chaotic evil ,dragon,huge,natural armor,9,19,256,19,12,27,10,25,16,13,21,"[[""bite"", 14, 8, 10, 10], [""claw"", 14, 8, 6, 6], [""claw"", 14, 8, 6, 6]]",17,18000,0,"[
   {
      ""name"":""breath weapon"",
   ""role"":""damage"",
      ""num_targets"":[
         4
      ],
   ""max_targets"":68,
      ""type"":""fire"",
      ""save"":""dx"",
      ""dc"":21,
      ""damage"":[
         6,
         6,
         6,
         6,
         6,
         6,
         6,
         6,
         6,
         6,
         6,
         6,
   6,
   6,
   6,
   6
      ],
      ""on_save"":[
         6,
         6,
         6,
         6,
         6,
         6,
   6,
   6
      ],
   ""recharge"":5,
   ""recharge_threshold"":5,
   ""usable"": true
   }
]","{""fire"": 0}",,none,"NO FRIGHTENING PRESENCE, BREATH WEAPON, OR LEGENDARY ACTIONS",,0,8,0,7,3,1,5,24
adult silver dragon,,lawful good ,dragon,huge,natural armor,9,19,243,18,12,27,10,25,16,13,21,"[[""bite"", 13, 8, 10, 10], [""claw"", 13, 8, 6, 6], [""claw"", 13, 8, 6, 6]]",16,15000,0,"[
   {
      ""name"":""breath weapon"",
   ""role"":""damage"",
      ""num_targets"":[
         4
      ],
   ""max_targets"":68,
      ""type"":""cold"",
      ""save"":""cn"",
      ""dc"":20,
      ""damage"":[
         8,
         8,
         8,
         8,
         8,
         8,
         8,
         8,
         8,
         8,
         8,
         8,
   8
      ],
      ""on_save"":[
         8,
         8,
         8,
         8,
         8,
         8
      ],
   ""recharge"":5,
   ""recharge_threshold"":5,
   ""usable"": true
   }
]","{""cold"": 0}",,none,"NO FRIGHTENING PRESENCE, BREATH WEAPON, OR LEGENDARY ACTIONS",,0,8,0,7,3,1,5,22
adult white dragon,,chaotic evil ,dragon,huge,natural armor,8,18,200,16,12,22,10,22,8,12,12,"[[""bite"", 11, 6, 10, 10], [""claw"", 11, 6, 6, 6], [""claw"", 11, 6, 6, 6]]",13,10000,0,"[
   {
      ""name"":""breath weapon"",
   ""role"":""damage"",
      ""num_targets"":[
         4
      ],
   ""max_targets"":68,
      ""type"":""cold"",
      ""save"":""cn"",
      ""dc"":19,
      ""damage"":[
         8,
         8,
         8,
         8,
         8,
         8,
         8,
         8,
         8,
         8,
         8,
         8
      ],
      ""on_save"":[
         8,
         8,
         8,
         8,
         8,
         8
      ],
   ""recharge"":5,
   ""recharge_threshold"":5,
   ""usable"": true
   }
]","{""cold"": 0}",,none,"NO FRIGHTENING PRESENCE, BREATH WEAPON, OR LEGENDARY ACTIONS",,0,6,0,6,0,1,1,16.5
air elemental,,neutral ,elemental,large,,0,15,90,12,10,14,20,14,6,10,6,"[[""slam"", 8, 5, 8, 8], [""slam"", 8, 5, 8, 8]]",5,1800,0,none,,,none,,,5,2,5,2,0,0,0,10
ancient black dragon,,chaotic evil ,dragon,gargantuan,natural armor,10,22,367,21,20,27,14,25,16,15,19,"[[""bite"", 15, 8, 10, 10], [""claw"", 15, 8, 6, 6], [""claw"", 15, 8, 6, 6]]",21,33000,0,"[
   {
      ""name"":""breath weapon"",
   ""role"":""damage"",
      ""num_targets"":[
         4
      ],
   ""max_targets"":36,
      ""type"":""acid"",
      ""save"":""dx"",
      ""dc"":20,
      ""damage"":[
         8,
         8,
         8,
         8,
         8,
         8,
         8,
         8,
         8,
         8,
         8,
         8,
   8,
   8,
   8
      ],
      ""on_save"":[
         8,
         8,
         8,
         8,
         8,
         8
      ],
   ""recharge"":5,
   ""recharge_threshold"":5,
   ""usable"": true
   }
]","{""acid"": 0}",,none,"NO FRIGHTENING PRESENCE, BREATH WEAPON, OR LEGENDARY ACTIONS",,2,8,2,7,3,2,4,1
ancient blue dragon,,lawful evil ,dragon,gargantuan,natural armor,12,22,481,26,20,29,10,27,18,17,21,"[[""bite"", 16, 9, 10, 10], [""claw"", 16, 9, 6, 6]]",23,50000,0,"[
   {
      ""name"":""breath weapon"",
   ""role"":""damage"",
      ""num_targets"":[
         4
      ],
   ""max_targets"":48,
      ""type"":""lightning"",
      ""save"":""dx"",
      ""dc"":23,
      ""damage"":[
         10,
         10,
         10,
         10,
         10,
         10,
         10,
         10,
         10,
         10,
         10,
   10,
   10,
   10,
   10,
         10
      ],
      ""on_save"":[
         10,
         10,
         10,
         10,
         10,
   10,
   10,
         10
      ],
   ""recharge"":5,
   ""recharge_threshold"":5,
   ""usable"": true
   }
]","{""lightning"": 0}",,none,"NO FRIGHTENING PRESENCE, BREATH WEAPON, OR LEGENDARY ACTIONS",,0,9,0,8,4,3,5,1
ancient brass dragon,,chaotic good ,dragon,gargantuan,natural armor,10,20,297,17,20,27,10,25,16,15,19,"[[""bite"", 14, 8, 10, 10], [""claw"", 14, 8, 6, 6], [""claw"", 14, 8, 6, 6]]",20,25000,0,"[
   {
      ""name"":""breath weapon"",
   ""role"":""damage"",
      ""num_targets"":[
         4
      ],
   ""max_targets"":36,
      ""type"":""fire"",
      ""save"":""dx"",
      ""dc"":21,
      ""damage"":[
         6,
         6,
         6,
         6,
         6,
         6,
         6,
         6,
         6,
         6,
         6,
         6,
   6,
         6,
         6,
   6
      ],
      ""on_save"":[
         6,
         6,
         6,
         6,
         6,
         6,
         6,
         6
      ],
   ""recharge"":5,
   ""recharge_threshold"":5,
   ""usable"": true
   }
]","{""acid"": 0}",,none,"NO FRIGHTENING PRESENCE, BREATH WEAPON, OR LEGENDARY ACTIONS",,0,8,0,7,3,2,4,33
ancient bronze dragon,,lawful good ,dragon,gargantuan,natural armor,12,22,444,24,20,29,10,27,18,17,21,"[[""bite"", 16, 9, 10, 10], [""claw"", 16, 9, 6, 6]]",22,41000,0,"[
   {
      ""name"":""breath weapon"",
   ""role"":""damage"",
      ""num_targets"":[
         4
      ],
   ""max_targets"":36,
      ""type"":""lightning"",
      ""save"":""dx"",
      ""dc"":23,
      ""damage"":[
         10,
         10,
         10,
         10,
         10,
         10,
         10,
         10,
         10,
         10,
         10,
   10,
         10,
         10,
         10,
         10
      ],
      ""on_save"":[
         10,
         10,
         10,
         10,
         10,
         10,
         10,
         10
      ],
   ""recharge"":5,
   ""recharge_threshold"":5,
   ""usable"": true
   }
]","{""lightning"": 0}",,none,"NO FRIGHTENING PRESENCE, BREATH WEAPON, OR LEGENDARY ACTIONS",,0,9,0,8,4,3,5,1
ancient copper dragon,,chaotic good ,dragon,gargantuan,natural armor,10,21,350,20,20,27,12,25,20,17,19,"[[""bite"", 15, 8, 10, 10], [""claw"", 15, 8, 6, 6], [""claw"", 15, 8, 6, 6]]",21,33000,0,"[
   {
      ""name"":""breath weapon"",
   ""role"":""damage"",
      ""num_targets"":[
         4
      ],
   ""max_targets"":36,
      ""type"":""acid"",
      ""save"":""dx"",
      ""dc"":22,
      ""damage"":[
         8,
         8,
         8,
         8,
         8,
         8,
         8,
         8,
         8,
         8,
         8,
         8,
   8,
         8
      ],
      ""on_save"":[
         8,
         8,
         8,
         8,
         8,
         8,
   8
      ],
   ""recharge"":5,
   ""recharge_threshold"":5,
   ""usable"": true
   }
]","{""acid"": 0}",,none,"NO FRIGHTENING PRESENCE, BREATH WEAPON, OR LEGENDARY ACTIONS",,1,8,1,7,5,3,4,1
ancient gold dragon,,lawful good ,dragon,gargantuan,natural armor,10,22,546,28,20,30,14,29,18,17,28,"[[""bite"", 17, 10, 10, 10], [""claw"", 17, 10, 6, 6], [""claw"", 17, 10, 6, 6]]",24,62000,0,"[
   {
      ""name"":""breath weapon"",
   ""role"":""damage"",
      ""num_targets"":[
         4
      ],
   ""max_targets"":221,
      ""type"":""fire"",
      ""save"":""dx"",
      ""dc"":24,
      ""damage"":[
         10,
         10,
         10,
         10,
         10,
         10,
         10,
         10,
         10,
         10,
         10,
         10,
   10
      ],
      ""on_save"":[
         10,
         10,
         10,
         10,
         10,
         10
      ],
   ""recharge"":5,
   ""recharge_threshold"":5,
   ""usable"": true
   }
]","{""fire"": 0}",,none,"NO FRIGHTENING PRESENCE, BREATH WEAPON, OR LEGENDARY ACTIONS",,2,10,2,9,4,3,9,1
ancient green dragon,,lawful evil ,dragon,gargantuan,natural armor,10,21,385,22,20,27,12,25,20,17,19,"[[""bite"", 15, 8, 10, 10], [""claw"", 15, 8, 6, 6, 6, 6], [""claw"", 15, 8, 6, 6, 6, 6]]",22,41000,0,"[
   {
      ""name"":""breath weapon"",
   ""role"":""damage"",
      ""num_targets"":[
         4
      ],
   ""max_targets"":221,
      ""type"":""poison"",
      ""save"":""cn"",
      ""dc"":22,
      ""damage"":[
         6,
         6,
         6,
         6,
         6,
         6,
         6,
         6,
         6,
         6,
         6,
         6,
         6,
         6,
         6,
         6,
         6,
         6,
         6,
         6,
         6,
         6

    ],
      ""on_save"":[
         6,
         6,
         6,
         6,
         6,
         6,
         6,
         6,
         6,
         6,
         6
      ],
   ""recharge"":5,
   ""recharge_threshold"":5,
   ""usable"": true
   }
]","{""poison"": 0}",,none,"NO FRIGHTENING PRESENCE, BREATH WEAPON, OR LEGENDARY ACTIONS",,1,8,1,7,5,3,4,1
ancient red dragon,,chaotic evil ,dragon,gargantuan,natural armor,12,22,546,28,20,30,10,29,18,15,23,"[[""bite"", 17, 10, 10, 10], [""claw"", 17, 10, 6, 6], [""claw"", 17, 10, 6, 6]]",24,62000,0,"[
   {
      ""name"":""breath weapon"",
   ""role"":""damage"",
      ""num_targets"":[
         4
      ],
   ""max_targets"":221,
      ""type"":""fire"",
      ""save"":""dx"",
      ""dc"":24,
      ""damage"":[
         6,
         6,
         6,
         6,
         6,
   6,
         6,
         6,
         6,
         6,
   6,
         6,
         6,
         6,
         6,
   6,
         6,
         6,
         6,
         6,
   6,
         6,
         6,
         6,
         6,
   6

      ],
      ""on_save"":[
         6,
         6,
         6,
         6,
         6,
         6,
   6,
         6,
         6,
         6,
         6,
   6,
   6
      ],
   ""recharge"":5,
   ""recharge_threshold"":5,
   ""usable"": true
   }
]","{""fire"": 0}",,none,"NO FRIGHTENING PRESENCE, BREATH WEAPON, OR LEGENDARY ACTIONS",,0,10,0,9,4,2,6,1
ancient silver dragon,,lawful good ,dragon,gargantuan,natural armor,12,22,487,25,20,30,10,29,18,15,23,"[[""bite"", 17, 10, 10, 10], [""claw"", 17, 10, 6, 6], [""claw"", 17, 10, 6, 6]]",23,50000,0,"[
   {
      ""name"":""breath weapon"",
   ""role"":""damage"",
      ""num_targets"":[
         4
      ],
   ""max_targets"":221,
      ""type"":""cold"",
      ""save"":""cn"",
      ""dc"":24,
      ""damage"":[
         8,
         8,
         8,
         8,
         8,
   8,
         8,
         8,
         8,
         8,
   8,
         8,
         8,
         8,
         8
      ],
      ""on_save"":[
         8,
         8,
         8,
         8,
         8,
         8,
   8
      ],
   ""recharge"":5,
   ""recharge_threshold"":5,
   ""usable"": true
   }
]","{""cold"": 0}",,none,"NO FRIGHTENING PRESENCE, BREATH WEAPON, OR LEGENDARY ACTIONS",,0,10,0,9,4,2,6,1
ancient white dragon,,chaotic evil ,dragon,gargantuan,natural armor,10,20,333,18,20,26,10,26,10,13,14,"[[""bite"", 14, 8, 10, 10], [""claw"", 14, 8, 6, 6], [""claw"", 14, 8, 6, 6]]",20,25000,0,"[
   {
      ""name"":""breath weapon"",
   ""role"":""damage"",
      ""num_targets"":[
         4
      ],
   ""max_targets"":221,
      ""type"":""cold"",
      ""save"":""cn"",
      ""dc"":22,
      ""damage"":[
         8,
         8,
         8,
         8,
         8,
         8,
         8,
         8,
         8,
         8,
         8,
         8,
   8,
         8,
         8,
         8
      ],
      ""on_save"":[
         8,
         8,
         8,
         8,
         8,
         8,
   8,
   8
      ],
   ""recharge"":5,
   ""recharge_threshold"":5,
   ""usable"": true
   }
]","{""cold"": 0}",,none,"NO FRIGHTENING PRESENCE, BREATH WEAPON, OR LEGENDARY ACTIONS",,0,8,0,8,0,1,2,33
androsphinx,,lawful neutral ,monstrosity,large,natural armor,7,17,199,19,10,22,10,20,16,18,23,"[[""claw"", 12, 6, 10, 10], [""claw"", 12, 6, 10, 10]]",17,18000,0,none,,,none,,,0,6,0,5,3,4,6,24
animated armor,,unaligned ,construct,medium,natural armor,8,18,33,6,8,14,11,13,1,3,1,"[[""slam"", 4, 2, 6], [""slam"", 4, 2, 6]]",1,200,0,none,,,none,,,0,2,0,1,0,0,0,10
ankheg,,unaligned ,monstrosity,large,natural armor (11 while prone),4,14,39,6,10,17,11,13,1,13,6,"[[""bite"", 5, 3, 6, 6]]",2,450,0,none,,,none,"plus 3 (1d6) acid damage. If the target is a large or smaller creature, it is grappled (escape DC 13). Until this grapple ends, the ankheg can bite only the grappled creature and has advantage on attack rolls to do so.",,0,3,0,1,0,1,0,10
ape,,unaligned ,beast,medium,,0,12,19,3,8,16,14,14,6,12,7,"[[""fist"", 5, 3, 6], [""fist"", 5, 3, 6]]",0.5,100,0,none,,,none,,,2,3,2,2,0,1,0,10
archmage,,any ,humanoid (any race),medium,(15 with mage armor),0,12,99,18,8,10,14,12,20,15,16,"[[""dagger"", 6, 2, 4]]",12,8400,0,none,,,none,,,2,0,2,1,5,2,3,15
assassin,,any non-good ,humanoid (any race),medium,studded leather,2,15,78,12,8,11,16,14,13,11,10,"[[""shortsword"", 6, 3, 6], [""shortsword"", 6, 3, 6]]",8,3900,0,none,,,none,,,3,0,3,2,1,0,0,9
awakened shrub,,unaligned ,plant,small,,-1,9,10,3,6,3,8,11,10,10,6,"[[""rake"", 1, -1, 4]]",0,10,0,none,,,none,,,0,0,0,0,0,0,0,10
awakened tree,,unaligned ,plant,huge,natural armor,3,13,59,7,12,19,6,15,10,10,7,"[[""slam"", 6, 4, 6, 6, 6]]",2,450,0,none,,,none,,,0,4,0,2,0,0,0,10
axe beak,,unaligned ,beast,large,,0,11,19,3,10,14,12,12,2,10,5,"[[""beak"", 4, 2, 8]]",0.25,50,0,none,,,none,,,1,2,1,1,0,0,0,10
azer,,lawful neutral ,elemental,medium,"natural armor, shield",6,17,39,6,8,17,12,15,12,13,10,"[[""warhammer"", 5, 3, 8]]",2,450,0,none,,,none,"or 8 (1d10 + 3) bludgeoning damage if used with two hands to make a melee attack, plus 3 (1d6) fire damage.",,1,3,1,2,1,1,0,10
baboon,,unaligned ,beast,small,,0,12,3,1,6,8,14,11,4,12,6,"[[""bite"", 1, -1, 4]]",0,10,0,none,,,none,,,2,0,2,0,0,1,0,10
badger,,unaligned ,beast,tiny,,0,10,3,1,4,4,11,12,2,12,5,"[[""bite"", 2, 0, 1]]",0,10,0,none,,,none,,,0,0,0,1,0,1,0,10
balor,,chaotic evil ,fiend (demon),huge,natural armor,7,19,262,21,12,26,15,22,20,16,22,"[[""longsword"", 14, 8, 8, 8, 8], [""whip"", 14, 8, 6, 6]]",19,22000,0,none,,,none,,,2,8,2,6,5,3,6,30
bandit,pirate,any non-lawful ,humanoid (any race),medium,leather armor,1,12,11,2,8,11,12,12,10,10,10,"[[""scimitar"", 3, 1, 6]]",0.125,25,0,none,,,none,,,1,0,1,1,0,0,0,10
bandit captain,pirate captain,any non-lawful ,humanoid (any race),medium,studded leather,2,15,65,10,8,15,16,14,14,11,14,"[[""scimitar"", 5, 3, 6], [""scimitar"", 5, 3, 6], [""dagger"", 5, 3, 4]]",2,450,0,none,,,none,,,3,2,3,2,2,0,2,10
barbed devil,,lawful evil ,fiend (devil),medium,natural armor,2,15,110,13,8,16,17,18,12,14,14,"[[""tail"", 6, 3, 6, 6], [""claw"", 6, 3, 6], [""claw"", 6, 3, 6]]",5,1800,0,none,,,none,NO HURL FLAME,,3,3,3,4,1,2,2,10
basilisk,,unaligned ,monstrosity,medium,natural armor,5,15,52,8,8,16,8,15,2,8,7,"[[""bite"", 5, 3, 6, 6]]",3,700,0,none,,,none,plus 7 (2d6) poison damage.,,0,3,0,2,0,0,0,10
bat,,unaligned ,beast,tiny,,0,12,1,1,4,2,15,8,2,12,4,"[[""bite"", 0, 0, 1]]",0,10,0,none,,,none,,,2,0,2,0,0,1,0,10
bearded devil,,lawful evil ,fiend (devil),medium,natural armor,1,13,52,8,8,16,15,15,9,11,11,"[[""beard"", 5, 2, 8], [""glaive"", 5, 3, 10]]",3,700,0,none,,,none,,,2,3,2,2,0,0,0,10
behir,,neutral evil ,monstrosity,huge,natural armor,4,17,168,16,12,23,16,18,7,14,12,"[[""bite"", 10, 6, 10, 10, 10]]",11,7200,0,"[{
  ""name"": ""breath weapon"",
  ""role"": ""damage"",
  ""num_targets"": [
   4
  ],
  ""max_targets"": 4,
  ""type"": ""lightning"",
  ""save"": ""dx"",
  ""dc"": 16,
  ""damage"": [
   10,
   10,
   10,
   10,
   10,
   10,
   10,
   10,
   10,
   10,
   10,
   10
  ],
  ""on_save"": [
   10,
   10,
   10,
   10,
   10,
   10
  ],
  ""recharge"": 5,
  ""recharge_threshold"": 5,
  ""usable"": true
 },
 {
  ""name"": ""swallow"",
  ""role"": ""control"",
  ""conditions"": [
   ""blinded"",
   ""restrained"",
   ""total cover""
  ],
  ""type"": ""acid"",
  ""damage"": [
   6,
   6,
   6,
   6,
   6,
   6
  ],
  ""usable"": false
 },
 {
  ""name"": ""regurgitate"",
  ""role"": ""control"",
  ""save"": ""con"",
  ""dc"": 14,
  ""conditions"": [
   ""prone""
  ],
  ""usable"": false
 }
]","{""lightning"": 0}",,none,NO BREATH WEAPON,,3,6,3,4,0,2,1,14
berserker,,any chaotic ,humanoid (any race),medium,hide armor,2,13,67,9,8,16,12,17,9,11,9,"[[""greataxe"", 5, 3, 12]]",2,450,0,none,,,none,,,1,3,1,3,0,0,0,10
black bear,,unaligned ,beast,medium,natural armor,1,11,19,3,8,15,10,14,2,12,7,"[[""bite"", 3, 2, 6], [""claws"", 3, 2, 4, 4]]",0.5,100,0,none,,,none,,,0,2,0,2,0,1,0,10
black dragon wyrmling,,chaotic evil ,dragon,medium,natural armor,5,17,33,6,8,15,14,13,10,11,13,"[[""bite"", 4, 2, 10]]",2,450,0,"[
   {
      ""name"":""breath weapon"",
   ""role"":""damage"",
      ""num_targets"":[
         4
      ],
   ""max_targets"":3,
      ""type"":""acid"",
      ""save"":""dx"",
      ""dc"":11,
      ""damage"":[
         8,
   8,
         8,
         8,
         8
      ],
   ""recharge"":5,
   ""recharge_threshold"":5,
   ""usable"": true
   }
]",,,none,plus 2 (1d4) acid damage.,,2,2,2,1,0,0,1,10
black pudding,,unaligned ,ooze,large,,-3,7,85,10,10,16,5,16,1,6,1,"[[""pseudopod"", 5, 3, 6]]",4,1100,0,none,,,none,"plus 18 (4d8) acid damage. In addition, nonmagical armor worn by the target is partly dissolved and takes a permanent and cumulative 1 penalty to the AC it offers. The armor is destroyed if the penalty reduces its AC to 10.",,0,3,0,3,0,0,0,10
blink dog,,lawful good ,fey,medium,,0,13,22,4,8,12,17,12,10,13,11,"[[""bite"", 3, 1, 6]]",0.25,50,0,none,,,none,,,3,1,3,1,0,1,0,10
blood hawk,,unaligned ,beast,small,,0,12,7,2,6,6,14,10,3,14,5,"[[""beak"", 4, 2, 4]]",0.125,25,0,none,,,none,,,2,0,2,0,0,2,0,10
blue dragon wyrmling,,lawful evil ,dragon,medium,natural armor,7,17,52,8,8,17,10,15,12,11,15,"[[""bite"", 5, 3, 10]]",3,700,0,"[
   {
      ""name"":""breath weapon"",
   ""role"":""damage"",
      ""num_targets"":[
         4
      ],
   ""max_targets"":6,
      ""type"":""lighning"",
      ""save"":""dx"",
      ""dc"":12,
      ""damage"":[
         10,
   10,
         10,
         10
      ],
   ""recharge"":5,
   ""recharge_threshold"":5,
   ""usable"": true
   }
]",,,none,plus 3 (1d6) lightning damage.,,0,3,0,2,1,0,2,10
boar,,unaligned ,beast,medium,natural armor,1,11,11,2,8,13,11,12,2,9,5,"[[""tusk"", 3, 1, 6]]",0.25,50,0,none,,,none,,,0,1,0,1,0,0,0,10
bone devil,,lawful evil ,fiend (devil),large,natural armor,6,19,142,15,10,18,16,18,13,14,16,"[[""claw"", 8, 4, 8], [""claw"", 8, 4, 8], [""sting"", 8, 4, 8, 8]]",9,5000,0,none,,,none,,,3,4,3,4,1,2,3,10.5
brass dragon wyrmling,,chaotic good ,dragon,medium,natural armor,6,16,16,3,8,15,10,13,10,11,13,"[[""bite"", 4, 2, 10]]",1,200,0,"[
   {
      ""name"":""breath weapon"",
   ""role"":""damage"",
      ""num_targets"":[
         4
      ],
   ""max_targets"":5,
      ""type"":""fire"",
      ""save"":""dx"",
      ""dc"":11,
      ""damage"":[
         6,
   6,
         6,
         6
      ],
   ""recharge"":5,
   ""recharge_threshold"":5,
   ""usable"": true
   }
]",,,none,,,0,2,0,1,0,0,1,10
bronze dragon wyrmling,,lawful good ,dragon,medium,natural armor,7,17,32,5,8,17,10,15,12,11,15,"[[""bite"", 5, 3, 10]]",2,450,0,"[
   {
      ""name"":""breath weapon"",
   ""role"":""damage"",
      ""num_targets"":[
         4
      ],
   ""max_targets"":8,
      ""type"":""fire"",
      ""save"":""dx"",
      ""dc"":12,
      ""damage"":[
   10,
         10,
         10
      ],
   ""recharge"":5,
   ""recharge_threshold"":5,
   ""usable"": true
   }
]",,,none,,,0,3,0,2,1,0,2,10
brown bear,,unaligned ,beast,large,natural armor,1,11,34,4,10,19,10,16,2,13,7,"[[""bite"", 5, 4, 8]]",1,200,0,none,,,none,,,0,4,0,3,0,1,0,10
bugbear,,chaotic evil ,humanoid (goblinoid),medium,"hide armor, shield",4,16,27,5,8,15,14,13,8,11,9,"[[""morningstar"", 4, 2, 8, 8]]",1,200,0,none,,,none,,,2,2,2,1,0,0,0,10
bulette,land shark,unaligned ,monstrosity,large,natural armor,7,17,94,9,10,19,11,21,2,10,5,"[[""bite"", 7, 4, 12, 12, 12, 12]]",5,1800,0,none,,,none,,,0,4,0,5,0,0,0,10
camel,,unaligned ,beast,large,,-1,9,15,2,10,16,8,14,2,8,5,"[[""bite"", 5, 0, 4]]",0.125,25,0,none,,,none,,,0,3,0,2,0,0,0,10
cat,,unaligned ,beast,tiny,,0,12,2,1,4,3,15,10,3,12,7,"[[""claws"", 0, 0, 1]]",0,10,0,none,,,none,,,2,0,2,0,0,1,0,10
centaur,,neutral good ,monstrosity,large,,0,12,45,6,10,18,14,14,9,13,11,"[[""pike"", 6, 4, 10], [""hooves"", 6, 4, 6, 6]]",2,450,0,none,,,none,,,2,4,2,2,0,1,0,10
chain devil,,lawful evil ,fiend (devil),medium,natural armor,4,16,85,10,8,18,15,18,11,12,14,"[[""chain"", 8, 4, 6, 6], [""chain"", 8, 4, 6, 6]]",8,3900,,none,,,none,,,2,4,2,4,0,1,2,9
chimera,,chaotic evil ,monstrosity,large,natural armor,4,14,114,12,10,19,11,19,3,14,10,"[[""bite"", 7, 4, 6, 6], [""horns"", 7, 4, 12], [""claws"", 7, 4, 6, 6]]",6,2300,0,none,,,none,NO BREATH WEAPON (Can use fire breath (if available) instead of bite or horns),,0,4,0,4,0,2,0,7
chuul,,chaotic evil ,aberration,large,natural armor,6,16,93,11,10,19,10,16,5,11,5,"[[""pincer"", 6, 4, 6, 6], [""pincer"", 6, 4, 6, 6]]",4,1100,0,none,,,none,"If the chuul is grappling a creature, the chuul can also use its tentacles once.",,0,4,0,3,0,0,0,10
clay golem,,unaligned ,construct,large,natural armor,4,14,133,14,10,20,9,18,3,8,1,"[[""slam"", 8, 5, 10, 10], [""slam"", 8, 5, 10, 10]]",9,5000,0,none,,,none,,,0,5,0,4,0,0,0,10.5
cloaker,,chaotic neutral ,aberration,large,natural armor,2,14,78,12,10,17,15,12,13,12,14,"[[""bite"", 6, 3, 6, 6], [""tail"", 6, 3, 8]]",8,3900,0,none,,,none,,,2,3,2,1,1,1,2,9
cloud giant,,neutral good (50%) or neutral evil (50%) ,giant,huge,natural armor,4,14,200,16,12,27,10,22,12,16,16,"[[""morningstar"", 12, 8, 8, 8, 8], [""morningstar"", 12, 8, 8, 8, 8]]",9,5000,0,none,,,none,,,0,8,0,6,1,3,3,10.5
cockatrice,,unaligned ,monstrosity,small,,0,11,27,6,6,6,12,12,2,13,5,"[[""bite"", 3, 1, 4]]",0.5,100,0,none,,,none,"The target must succeed on a DC 11 Constitution saving throw against being magically petrified. On a failed save, the creature begins to turn to stone and is restrained. It must repeat the saving throw at the end of its next turn. On a success, the effect ends. On a failure, the creature is petrified for 24 hours.",,1,0,1,1,0,1,0,10
commoner,peasant,any ,humanoid (any race),medium,,0,10,4,1,8,10,10,10,10,10,10,"[[""club"", 2, 0, 4]]",0,10,0,none,,,none,,,0,0,0,0,0,0,0,10
constrictor snake,,unaligned ,beast,large,,0,12,13,2,10,15,14,12,1,10,3,"[[""bite"", 4, 2, 6]]",0.25,50,0,none,,,none,,,2,2,2,1,0,0,0,10
copper dragon wyrmling,,chaotic good ,dragon,medium,natural armor,5,16,22,4,8,15,12,13,14,11,13,"[[""bite"", 4, 2, 10]]",1,200,0,"[
   {
      ""name"":""breath weapon"",
   ""role"":""damage"",
      ""num_targets"":[
         4
      ],
   ""max_targets"":5,
      ""type"":""lightning"",
      ""save"":""dx"",
      ""dc"":11,
      ""damage"":[
   8,
   8,
         8,
         8
      ],
   ""recharge"":5,
   ""recharge_threshold"":5,
   ""usable"": true
   }
]",,,none,,,1,2,1,1,2,0,1,10
couatl,,lawful good ,celestial,medium,natural armor,4,19,97,13,8,16,20,17,18,20,18,"[[""bite"", 8, 5, 6]]",4,1100,0,none,,,none,"The target must succeed on a DC 13 Constitution saving throw or be poisoned for 24 hours. Until this poison ends, the target is unconscious. Another creature can use an action to shake the target awake.",,5,3,5,3,4,5,4,10
crab,,unaligned ,beast,tiny,natural armor,1,11,2,1,4,2,11,10,1,8,2,"[[""claw"", 0, 0, 1]]",0,10,0,none,,,none,,,0,0,0,0,0,0,0,10
crocodile,,unaligned ,beast,large,natural armor,2,12,19,3,10,15,10,13,2,10,5,"[[""bite"", 4, 2, 10]]",0.5,100,0,none,,,none,"The target is grappled (escape DC 12). Until this grapple ends, the target is restrained, and the crocodile can't bite another target.",,0,2,0,1,0,0,0,10
cult fanatic,,any non-good ,humanoid (any race),medium,leather armor,1,13,33,6,8,11,14,12,10,13,14,"[[""dagger"", 4, 2, 4], [""dagger"", 4, 2, 4]]",2,450,0,none,,,none,,,2,0,2,1,0,1,2,10
cultist,,any non-good ,humanoid (any race),medium,leather armor,1,12,9,2,8,11,12,10,10,11,10,"[[""scimitar"", 3, 1, 6]]",0.125,25,0,none,,,none,,,1,0,1,0,0,0,0,10
darkmantle,,unaligned ,monstrosity,small,,0,11,22,5,6,16,12,13,2,10,5,"[[""crush"", 5, 3, 6]]",0.5,100,0,none,,,none,"The darkmantle attaches to the target. If the target is medium or smaller and the darkmantle has advantage on the attack roll, it attaches by engulfing the target's head, and the target is also blinded and unable to breathe while the darkmantle is attached in this way. While attached to the target, the darkmantle can attack no other creature except the target but has advantage on its attack rolls.",,1,3,1,1,0,0,0,10
death dog,,neutral evil ,monstrosity,medium,,0,12,39,6,8,15,14,14,3,13,6,"[[""bite"", 4, 2, 6], [""bite"", 4, 2, 6]]",1,200,0,none,,,none,,,2,2,2,2,0,1,0,10
deer,,unaligned ,beast,medium,,0,13,4,1,8,11,16,11,2,14,5,"[[""bite"", 2, 0, 4]]",0,10,0,none,,,none,,,3,0,3,0,0,2,0,10
deva,,lawful good ,celestial,medium,natural armor,3,17,136,16,8,18,18,18,17,20,20,"[[""mace"", 8, 4, 6], [""mace"", 8, 4, 6]]",10,5900,0,none,,,none,,,4,4,4,4,3,5,5,12
dire wolf,,unaligned ,beast,large,natural armor,2,14,37,5,10,17,15,15,3,12,7,"[[""bite"", 5, 3, 6, 6]]",1,200,0,none,,,none,"If the target is a creature, it must succeed on a DC 13 Strength saving throw or be knocked prone.",,2,3,2,2,0,1,0,10
djinni,,chaotic good ,elemental,large,natural armor,5,17,161,14,10,21,15,22,15,16,20,"[[""scimitar"", 9, 5, 6, 6], [""scimitar"", 9, 5, 6, 6], [""scimitar"", 9, 5, 6, 6]]",11,7200,0,none,,,none,,,2,5,2,6,2,3,5,14
doppelganger,,neutral ,monstrosity (shapechanger),medium,,0,14,52,8,8,11,18,14,11,12,14,"[[""slam"", 6, 4, 6], [""slam"", 6, 4, 6]]",3,700,0,none,,,none,,,4,0,4,2,0,1,2,10
draft horse,,unaligned ,beast,large,,0,10,19,3,10,18,10,12,2,11,7,"[[""hooves"", 6, 4, 4, 4]]",0.25,50,0,none,,,none,,,0,4,0,1,0,0,0,10
dragon turtle,,neutral ,dragon,gargantuan,natural armor,10,20,341,22,20,25,10,20,10,12,12,"[[""bite"", 13, 7, 12, 12, 12], [""claw"", 13, 7, 8, 8], [""claw"", 13, 7, 8, 8]]",17,18000,0,none,,,none,NO BREATH WEAPON,,0,7,0,5,0,1,1,24
dretch,,chaotic evil ,fiend (demon),small,natural armor,1,11,18,4,6,11,11,12,5,8,3,"[[""bite"", 2, 0, 6], [""claws"", 2, 0, 4, 4]]",0.25,50,0,none,,,none,,,0,0,0,1,0,0,0,10
drider,,chaotic evil ,monstrosity,large,natural armor,6,19,123,13,10,16,16,18,13,14,12,"[[""longsword"", 6, 3, 8], [""longsword"", 6, 3, 8], [""longsword"", 6, 3, 8]]",6,2300,0,none,,,none,Can replace one attack with Bite,,3,3,3,4,1,2,1,7
drow,,neutral evil ,humanoid (elf),medium,chain shirt,3,15,13,3,8,10,14,10,11,11,12,"[[""shortsword"", 4, 2, 6]]",0.25,50,0,none,,,none,,,2,0,2,0,0,0,1,10
druid,,any ,humanoid (any race),medium,(16 with barkskin),0,11,27,5,8,10,12,13,12,15,11,"[[""quarterstaff"", 2, 0, 6]]",2,450,0,none,,,none,"Quarterstaff does 4 (1d8) bludgeoning damage if wielded with two hands, or 6 (1d8 + 2) bludgeoning damage with shillelagh.",,1,0,1,1,1,2,0,10
dryad,,neutral ,fey,medium,(16 with barkskin),0,11,22,5,8,10,12,11,14,15,18,"[[""club"", 2, 0, 4]]",1,200,0,none,,,none,or 8 (1d8 + 4) bludgeoning damage with shillelagh.,,1,0,1,0,2,2,4,10
duergar,gray dwarf,lawful evil ,humanoid (dwarf),medium,"scale mail, shield",6,16,26,4,8,14,11,14,11,10,9,"[[""war pick"", 4, 2, 8]]",1,200,0,none,,,none,NO ENLARGE (or 11 (2d8 + 2) piercing damage while enlarged.),,0,2,0,2,0,0,0,10
dust mephit,,neutral evil ,elemental,small,,0,12,17,5,6,5,14,10,9,11,10,"[[""claws"", 4, 2, 4]]",0.5,100,0,none,,,none,,,2,0,2,0,0,0,0,10
eagle,,unaligned ,beast,small,,0,12,3,1,6,6,15,10,2,14,7,"[[""talons"", 4, 2, 4]]",0,10,0,none,,,none,,,2,0,2,0,0,2,0,10
earth elemental,,neutral ,elemental,large,natural armor,7,17,126,12,10,20,8,20,5,10,5,"[[""slam"", 8, 5, 8, 8], [""slam"", 8, 5, 8, 8]]",5,1800,0,none,,,none,,,0,5,0,5,0,0,0,10
efreeti,,lawful evil ,elemental,large,natural armor,6,17,200,16,10,22,12,24,16,15,16,"[[""scimitar"", 10, 6, 6, 6], [""scimitar"", 10, 6, 6, 6]]",11,7200,0,none,,,none,NO HURL FLAME,,1,6,1,7,3,2,3,14
elephant,,unaligned ,beast,huge,natural armor,2,12,76,8,12,22,9,17,3,11,6,"[[""gore"", 8, 6, 8, 8, 8]]",4,1100,0,none,,,none,,,0,6,0,3,0,0,0,10
elk,,unaligned ,beast,large,,0,10,13,2,10,16,10,12,2,10,6,"[[""ram"", 5, 3, 6]]",0.25,50,0,none,,,none,,,0,3,0,1,0,0,0,10
erinyes,,lawful evil ,fiend (devil),medium,plate,5,18,153,18,8,18,16,18,14,14,18,"[[""longsword"", 8, 4, 8], [""longsword"", 8, 4, 8], [""longsword"", 8, 4, 8]]",12,8400,,none,,,none,,,3,4,3,4,2,2,4,15
ettercap,,neutral evil ,monstrosity,medium,natural armor,1,13,44,8,8,14,15,13,7,12,8,"[[""bite"", 4, 2, 8], [""claws"", 4, 2, 4, 4]]",2,450,0,none,,,none,,,2,2,2,1,0,1,0,10
ettin,,chaotic evil ,giant,large,natural armor,2,12,85,10,10,21,8,17,6,10,8,"[[""battleaxe"", 7, 5, 8, 8], [""morningstar"", 7, 5, 8, 8]]",4,1100,0,none,,,none,,,0,5,0,3,0,0,0,10
fire elemental,,neutral ,elemental,large,,0,13,102,12,10,10,17,16,6,10,7,"[[""touch"", 6, 3, 6, 6], [""touch"", 6, 3, 6, 6]]",5,1800,0,none,,,none,,,3,0,3,3,0,0,0,10
fire giant,,lawful evil ,giant,huge,plate,8,18,162,13,12,25,9,23,10,14,13,"[[""greatsword"", 11, 7, 6, 6, 6, 6, 6, 6], [""greatsword"", 11, 7, 6, 6, 6, 6, 6, 6]]",9,5000,0,none,,,none,,,0,7,0,6,0,2,1,10.5
flesh golem,,neutral ,construct,medium,,-1,9,93,11,8,19,9,18,6,10,5,"[[""slam"", 7, 4, 8, 8], [""slam"", 7, 4, 8, 8]]",5,1800,0,none,,,none,,,0,4,0,4,0,0,0,10
flying snake,,unaligned ,beast,tiny,,0,14,5,2,4,4,18,11,2,12,5,"[[""bite"", 6, 0, 1]]",0.125,25,0,none,,,none,plus 7 (3d4) poison damage.,,4,0,4,0,0,1,0,10
flying sword,,unaligned ,construct,small,natural armor,5,17,17,5,6,12,15,11,1,5,1,"[[""longsword"", 3, 1, 8]]",0.25,50,0,none,,,none,,,2,1,2,0,0,0,0,10
frog,toad,unaligned ,beast,tiny,,0,11,1,1,4,1,13,8,1,8,3,[],0,0,0,none,,,none,NO ACTIONS,,1,0,1,0,0,0,0,10
frost giant,,neutral evil ,giant,huge,patchwork armor,5,15,138,12,12,23,9,21,9,10,12,"[[""greataxe"", 9, 6, 12, 12, 12], [""greataxe"", 9, 6, 12, 12, 12]]",8,3900,0,none,,,none,,,0,6,0,5,0,0,1,9
gargoyle,,chaotic evil ,elemental,medium,natural armor,5,15,52,7,8,15,11,16,6,11,7,"[[""bite"", 4, 2, 6], [""claws"", 4, 2, 6]]",2,450,0,none,,,none,,,0,2,0,3,0,0,0,10
gelatinous cube,,unaligned ,ooze,large,,-4,6,84,8,10,14,3,20,1,6,1,"[[""pseudopod"", 4, 0, 6, 6, 6]]",2,450,0,none,,,none,,,0,2,0,5,0,0,0,10
ghast,,chaotic evil ,undead,medium,,0,13,36,8,8,16,17,10,11,10,8,"[[""bite"", 3, 3, 8, 8]]",2,450,0,none,,,none,,,3,3,3,0,0,0,0,10
ghost,,any ,undead,medium,,0,11,45,10,8,7,13,10,10,12,17,"[[""withering touch"", 5, 3, 6, 6, 6, 6]]",4,1100,0,none,,,none,,,1,0,1,0,0,1,3,10
ghoul,,chaotic evil ,undead,medium,,0,12,22,5,8,13,15,10,7,10,6,"[[""bite"", 2, 2, 6, 6]]",1,200,0,none,,,none,,,2,1,2,0,0,0,0,10
giant ape,,unaligned ,beast,huge,,0,12,157,15,12,23,14,18,7,12,7,"[[""fist"", 9, 6, 10, 10, 10]]",7,2900,0,none,,,none,,,2,6,2,4,0,1,0,8
giant badger,,unaligned ,beast,medium,,0,10,13,2,8,13,10,15,2,12,5,"[[""bite"", 3, 1, 6], [""claws"", 3, 1, 4, 4]]",0.25,50,0,none,,,none,,,0,1,0,2,0,1,0,10
giant bat,,unaligned ,beast,large,,0,13,22,4,10,15,16,11,2,12,6,"[[""bite"", 4, 2, 6]]",0.25,50,0,none,,,none,,,3,2,3,0,0,1,0,10
giant boar,,unaligned ,beast,large,natural armor,2,12,42,5,10,17,10,16,2,7,5,"[[""tusk"", 5, 3, 6, 6]]",2,450,0,none,,,none,,,0,3,0,3,0,0,0,10
giant centipede,,unaligned ,beast,small,natural armor,1,13,4,1,6,5,14,12,1,7,3,"[[""bite"", 4, 2, 4]]",0.25,50,0,none,,,none,"The target must succeed on a DC 11 Constitution saving throw or take 10 (3d6) poison damage. If the poison damage reduces the target to 0 hit points, the target is stable but poisoned for 1 hour, even after regaining hit points, and is paralyzed while poisoned in this way.",,2,0,2,1,0,0,0,10
giant constrictor snake,,unaligned ,beast,huge,,0,12,60,8,12,19,14,12,1,10,3,"[[""constrict"", 6, 4, 8, 8]]",2,450,0,none,,,none,"The target is grappled (escape DC 16). Until this grapple ends, the creature is restrained, and the snake can't constrict another target.",,2,4,2,1,0,0,0,10
giant crab,,unaligned ,beast,medium,natural armor,3,15,13,3,8,13,15,11,1,9,3,"[[""claw"", 3, 1, 6]]",0.125,25,0,none,,,none,"The target is grappled (escape DC 11). The crab has two claws, each of which can grapple only one target.",,2,1,2,0,0,0,0,10
giant crocodile,,unaligned ,beast,huge,natural armor,4,14,85,9,12,21,9,17,2,10,7,"[[""bite"", 8, 5, 10, 10, 10], [""tail"", 8, 5, 8, 8]]",5,1800,0,none,,,none,,,0,5,0,3,0,0,0,10
giant eagle,,neutral good ,beast,large,,0,13,26,4,10,16,17,13,8,14,10,"[[""beak"", 5, 3, 6], [""talons"", 5, 3, 6, 6]]",1,200,0,none,,,none,,,3,3,3,1,0,2,0,10
giant elk,,unaligned ,beast,huge,natural armor,1,14,42,5,12,19,16,14,7,14,10,"[[""ram"", 6, 4, 6, 6]]",2,450,0,none,,,none,,,3,4,3,2,0,2,0,10
giant fire beetle,,unaligned ,beast,small,natural armor,3,13,4,1,6,8,10,12,1,7,3,"[[""bite"", 1, -1, 6]]",0,10,0,none,,,none,,,0,0,0,1,0,0,0,10
giant frog,,unaligned ,beast,medium,,0,11,18,4,8,12,13,11,2,10,3,"[[""bite"", 3, 1, 6]]",0.25,50,0,none,,,none,"The target is grappled (escape DC 11). Until this grapple ends, the target is restrained, and the frog can't bite another target.",,1,1,1,0,0,0,0,10
giant goat,,unaligned ,beast,large,natural armor,1,11,19,3,10,17,11,12,3,12,6,"[[""ram"", 5, 3, 4, 4]]",0.5,100,0,none,,,none,,,0,3,0,1,0,1,0,10
giant hyena,,unaligned ,beast,large,,0,12,45,6,10,16,14,14,2,12,7,"[[""bite"", 5, 3, 6, 6]]",1,200,0,none,,,none,,,2,3,2,2,0,1,0,10
giant lizard,,unaligned ,beast,large,natural armor,1,12,19,3,10,15,12,13,2,10,5,"[[""bite"", 4, 2, 8]]",0.25,50,0,none,,,none,,,1,2,1,1,0,0,0,10
giant octopus,,unaligned ,beast,large,,0,11,52,8,10,17,13,13,4,10,4,"[[""tentacles"", 5, 3, 6, 6]]",1,200,0,none,,,none,"If the target is a creature, it is grappled (escape DC 16). Until this grapple ends, the target is restrained, and the octopus can't use its Tentacles on another target.",,1,3,1,1,0,0,0,10
giant owl,,neutral ,beast,large,,0,12,19,3,10,13,15,12,8,13,10,"[[""talons"", 3, 1, 6, 6]]",0.25,50,0,none,,,none,,,2,1,2,1,0,1,0,10
giant poisonous snake,,unaligned ,beast,medium,,0,14,11,2,8,10,18,13,2,10,3,"[[""bite"", 6, 4, 4]]",0.25,50,0,none,,,none,"The target must make a DC 11 Constitution saving throw, taking 10 (3d6) poison damage on a failed save, or The target takes half as much damage on a successful one.",,4,0,4,1,0,0,0,10
giant rat,,unaligned ,beast,small,,0,12,7,2,6,7,15,11,2,10,4,"[[""bite"", 4, 2, 4]]",0.125,25,0,none,,,none,,,2,0,2,0,0,0,0,10
giant scorpion,,unaligned ,beast,large,natural armor,4,15,52,7,10,15,13,15,1,9,3,"[[""claw"", 4, 2, 8], [""claw"", 4, 2, 8], [""sting"", 4, 2, 10]]",3,700,0,none,,,none,,,1,2,1,2,0,0,0,10
giant sea horse,,unaligned ,beast,large,natural armor,1,13,16,3,10,12,15,11,2,12,5,"[[""ram"", 3, 1, 6]]",0.5,100,0,none,,,none,,,2,1,2,0,0,1,0,10
giant shark,,unaligned ,beast,huge,natural armor,3,13,126,11,12,23,11,21,1,10,5,"[[""bite"", 9, 6, 10, 10, 10]]",5,1800,0,none,,,none,,,0,6,0,5,0,0,0,10
giant spider,,unaligned ,beast,large,natural armor,1,14,26,4,10,14,16,12,2,11,4,"[[""bite"", 5, 3, 8]]",1,200,0,none,,,none,"The target must make a DC 11 Constitution saving throw, taking 9 (2d8) poison damage on a failed save, or The target takes half as much damage on a successful one. If the poison damage reduces the target to 0 hit points, the target is stable but poisoned for 1 hour, even after regaining hit points, and is paralyzed while poisoned in this way.",,3,2,3,1,0,0,0,10
giant toad,,unaligned ,beast,large,,0,11,39,6,10,15,13,13,2,10,3,"[[""bite"", 4, 2, 10]]",1,200,0,none,,,none,"plus 5 (1d10) poison damage, The target is grappled (escape DC 13). Until this grapple ends, the target is restrained, and the toad can't bite another target.",,1,2,1,1,0,0,0,10
giant vulture,,neutral evil ,beast,large,,0,10,22,3,10,15,10,15,6,12,7,"[[""beak"", 4, 2, 4, 4], [""talons"", 4, 2, 6, 6]]",1,200,0,none,,,none,,,0,2,0,2,0,1,0,10
giant wasp,,unaligned ,beast,medium,,0,12,13,3,8,10,14,10,1,10,3,"[[""sting"", 4, 2, 6]]",0.5,100,0,none,,,none,"The target must make a DC 11 Constitution saving throw, taking 10 (3d6) poison damage on a failed save, or The target takes half as much damage on a successful one.",,2,0,2,0,0,0,0,10
giant weasel,,unaligned ,beast,medium,,0,13,9,2,8,11,16,10,4,12,5,"[[""bite"", 5, 3, 4]]",0.125,25,0,none,,,none,,,3,0,3,0,0,1,0,10
giant wolf spider,,unaligned ,beast,medium,,0,13,11,2,8,12,16,13,3,12,4,"[[""bite"", 3, 1, 6]]",0.25,50,0,none,,,none,"The target must make a DC 11 Constitution saving throw, taking 7 (2d6) poison damage on a failed save, or The target takes half as much damage on a successful one. If the poison damage reduces the target to 0 hit points, the target is stable but poisoned for 1 hour, even after regaining hit points, and is paralyzed while poisoned in this way.",,3,1,3,1,0,1,0,10
gibbering mouther,,neutral ,aberration,medium,,-1,9,67,9,8,10,8,16,3,10,6,"[[""bites"", 2, 0, 6, 6, 6, 6, 6]]",2,450,0,none,,,none,NO BLINDING SPITTLE  (Uses Blinding Spittle (if available)),,0,0,0,3,0,0,0,10
glabrezu,,chaotic evil ,fiend (demon),large,natural armor,5,17,157,15,10,20,15,21,19,17,16,.,9,5000,0,none,,,none,,,2,5,2,5,4,3,3,10.5
gladiator,,any ,humanoid (any race),medium,"studded leather, shield",4,16,112,15,8,18,15,16,10,12,15,"[[""spear"", 7, 4, 6, 6], [""spear"", 7, 4, 6, 6], [""shield bash"", 7, 4, 4, 4]]",5,1800,0,none,,,none,,,2,4,2,3,0,1,2,10
gnoll,,chaotic evil ,humanoid (gnoll),medium,"hide armor, shield",4,15,22,5,8,14,12,11,6,10,7,"[[""bite"", 4, 2, 4]]",0.5,100,0,none,,,none,,,1,2,1,0,0,0,0,10
svirfneblin,deep gnome,neutral good ,humanoid (gnome),small,chain shirt,3,15,16,3,6,15,14,14,12,10,9,"[[""war pick"", 4, 2, 8]]",0.5,100,0,none,,,none,,,2,2,2,2,1,0,0,10
goat,,unaligned ,beast,medium,,0,10,4,1,8,12,10,11,2,10,5,"[[""ram"", 3, 1, 4]]",0,10,0,none,,,none,,,0,1,0,0,0,0,0,10
goblin,,neutral evil ,humanoid (goblinoid),small,"leather armor, shield",3,15,7,2,6,8,14,10,10,8,8,"[[""scimitar"", 4, 2, 6]]",0.25,50,0,none,,,none,,,2,0,2,0,0,0,0,10
gold dragon wyrmling,,lawful good ,dragon,medium,natural armor,5,17,60,8,8,19,14,17,14,11,16,"[[""bite"", 6, 4, 10]]",3,700,0,"[
   {
      ""name"":""breath weapon"",
   ""role"":""damage"",
      ""num_targets"":[
         4
      ],
   ""max_targets"":6,
      ""type"":""fire"",
      ""save"":""dx"",
      ""dc"":13,
      ""damage"":[
   10,
   10,
         10,
         10
      ],
   ""recharge"":5,
   ""recharge_threshold"":5,
   ""usable"": true
   }
]",,,none,,,2,4,2,3,2,0,3,10
gorgon,,unaligned ,monstrosity,large,natural armor,9,19,114,12,10,20,11,18,2,12,7,"[[""gore"", 8, 5, 12, 12]]",5,1800,0,none,,,none,,,0,5,0,4,0,1,0,10
gray ooze,,unaligned ,ooze,medium,,-2,8,22,3,8,12,6,16,1,6,2,"[[""pseudopod"", 3, 1, 6]]",0.5,100,0,none,,,none,"plus 7 (2d6) acid damage, and if the target is wearing nonmagical metal armor, its armor is partly corroded and takes a permanent and cumulative 1 penalty to the AC it offers. The armor is destroyed if the penalty reduces its AC to 10.",,0,1,0,3,0,0,0,10
green dragon wyrmling,,lawful evil ,dragon,medium,natural armor,6,17,38,7,8,15,12,13,14,11,13,"[[""bite"", 4, 2, 10]]",2,450,0,"[
   {
      ""name"":""breath weapon"",
   ""role"":""damage"",
      ""num_targets"":[
         4
      ],
   ""max_targets"":6,
      ""type"":""poison"",
      ""save"":""cn"",
      ""dc"":11,
      ""damage"":[
   6,
   6,
         6,
         6,
   6,
   6
      ],
   ""recharge"":5,
   ""recharge_threshold"":5,
   ""usable"": true
   }
]",,,none,plus 3 (1d6) poison damage.,,1,2,1,1,2,0,1,10
green hag,,neutral evil ,fey,medium,natural armor,6,17,82,11,8,18,12,16,13,14,14,"[[""claws"", 6, 4, 8, 8]]",3,700,0,none,,,none,,,1,4,1,3,1,2,2,10
grick,,neutral ,monstrosity,medium,natural armor,2,14,27,6,8,14,14,11,3,14,5,"[[""tentacles"", 4, 2, 6, 6], [""beak"", 4, 2, 6]]",2,450,0,none,,,none,"If Tentacles attack hits, can make one Beak attack against same target",,2,2,2,0,0,2,0,10
griffon,,unaligned ,monstrosity,large,,0,12,59,7,10,18,15,16,2,13,8,"[[""beak"", 6, 4, 8], [""claws"", 6, 4, 6, 6]]",2,450,0,none,,,none,,,2,4,2,3,0,1,0,10
grimlock,,neutral evil ,humanoid (grimlock),medium,,0,11,11,2,8,16,12,12,9,8,6,"[[""spiked bone club"", 5, 3, 4]]",0.25,50,0,none,,,none,plus 2 (1d4) piercing damage.,,1,3,1,1,0,0,0,10
guard,,any ,humanoid (any race),medium,"chain shirt, shield",5,16,11,2,8,13,12,12,10,11,10,"[[""spear"", 3, 1, 6]]",0.125,25,0,none,,,none,or 5 (1d8 + 1) piercing damage if used with two hands to make a melee attack.,,1,1,1,1,0,0,0,10
guardian naga,,lawful good ,monstrosity,large,natural armor,4,18,127,15,10,19,18,16,16,19,18,"[[""bite"", 8, 4, 8]]",10,5900,0,none,,,none,"The target must make a DC 15 Constitution saving throw, taking 45 (10d8) poison damage on a failed save, or The target takes half as much damage on a successful one.",,4,4,4,3,3,4,4,12
gynosphinx,,lawful neutral ,monstrosity,large,natural armor,5,17,136,16,10,18,15,16,18,18,18,"[[""claw"", 8, 4, 8, 8], [""claw"", 8, 4, 8, 8]]",11,7200,0,none,,,none,,,2,4,2,3,4,4,4,14
half-red dragon veteran,,any,humanoid (human),medium,,-11,0,0,0,0,16,13,14,10,11,10,"[[""longsword"", 5, 3, 8], [""longsword"", 5, 3, 8]]",5,1800,0,none,,,none,"If shortsword is drawn, can also make shortsword attack.",,1,3,1,2,0,0,0,10
harpy,,chaotic evil ,monstrosity,medium,,0,11,38,7,8,12,13,12,7,10,13,"[[""claws"", 3, 1, 4, 4], [""club"", 3, 1, 4]]",1,200,0,none,,,none,,,1,1,1,1,0,0,1,10
hawk,,unaligned ,beast,tiny,,0,13,1,1,4,5,16,8,2,14,6,"[[""talons"", 5, 0, 1]]",0,10,0,none,,,none,,,3,0,3,0,0,2,0,10
hell hound,,lawful evil ,fiend,medium,natural armor,4,15,45,7,8,17,12,14,6,13,6,"[[""bite"", 5, 3, 8]]",3,700,0,none,,,none,plus 7 (2d6) fire damage.,,1,3,1,2,0,1,0,10
hezrou,,chaotic evil ,fiend (demon),large,natural armor,3,16,136,13,10,19,17,20,5,12,13,"[[""bite"", 7, 4, 10, 10], [""claw"", 7, 4, 6, 6], [""claw"", 7, 4, 6, 6]]",8,3900,0,none,,,none,,,3,4,3,5,0,1,1,9
hill giant,,chaotic evil ,giant,huge,natural armor,3,13,105,10,12,21,8,19,5,9,6,"[[""greatclub"", 8, 5, 8, 8, 8], [""greatclub"", 8, 5, 8, 8, 8]]",5,1800,0,none,,,none,,,0,5,0,4,0,0,0,10
hippogriff,,unaligned ,monstrosity,large,,0,11,19,3,10,17,13,13,2,12,8,"[[""beak"", 5, 3, 10], [""claws"", 5, 3, 6, 6]]",1,200,0,none,,,none,,,1,3,1,1,0,1,0,10
hobgoblin,,lawful evil ,humanoid (goblinoid),medium,"chain mail, shield",7,18,11,2,8,13,12,12,10,10,9,"[[""longsword"", 3, 1, 8]]",0.5,100,0,none,,,none,or 6 (1d10 + 1) slashing damage if used with two hands.,,1,1,1,1,0,0,0,10
homunculus,,neutral ,construct,tiny,natural armor,1,13,5,2,4,4,15,11,10,10,7,"[[""bite"", 4, 0, 1]]",0,10,0,none,,,none,"The target must succeed on a DC 10 Constitution saving throw or be poisoned for 1 minute. If the saving throw fails by 5 or more, the target is instead poisoned for 5 (1d10) minutes and unconscious while poisoned in this way.",,2,0,2,0,0,0,0,10
horned devil,,lawful evil ,fiend (devil),large,natural armor,5,18,148,17,10,22,17,21,12,16,17,"[[""fork"", 10, 6, 8, 8], [""fork"", 10, 6, 8, 8], [""tail"", 10, 6, 8]]",11,7200,0,none,,,none,NO HURL FLAME (Can use Hurl Flame instead of any melee attack),,3,6,3,5,1,3,3,14
hunter shark,,unaligned ,beast,large,natural armor,1,12,45,6,10,18,13,15,1,10,4,"[[""bite"", 6, 4, 8, 8]]",2,450,0,none,,,none,,,1,4,1,2,0,0,0,10
hydra,,unaligned ,monstrosity,huge,natural armor,4,15,172,15,12,20,12,20,2,10,7,"[[""bite"", 8, 5, 10], [""bite"", 8, 5, 10], [""bite"", 8, 5, 10], [""bite"", 8, 5, 10], [""bite"", 8, 5, 10]]",8,3900,0,none,,,none,NO HEAD REGEN,,1,5,1,5,0,0,0,9
hyena,,unaligned ,beast,medium,,0,11,5,1,8,11,13,12,2,12,5,"[[""bite"", 2, 0, 6]]",0,10,0,none,,,none,,,1,0,1,1,0,1,0,10
ice devil,,lawful evil ,fiend (devil),large,natural armor,6,18,180,19,10,21,14,18,18,15,18,"[[""bite"", 10, 5, 6, 6], [""claws"", 10, 5, 4, 4], [""tail"", 10, 5, 6, 6]]",14,11500,0,none,,,none,,,2,5,2,4,4,2,4,18
ice mephit,,neutral evil ,elemental,small,,0,11,21,6,6,7,13,10,9,11,12,"[[""claws"", 3, 1, 4]]",0.5,100,0,none,,,none,plus 2 (1d4) cold damage.,,1,0,1,0,0,0,1,10
imp,,lawful evil ,fiend (devil shapechanger),tiny,,0,13,10,3,4,6,17,13,11,12,14,"[[""sting"", 5, 3, 4]]",1,200,0,none,,,none,"The target must make on a DC 11 Constitution saving throw, taking 10 (3d6) poison damage on a failed save, or The target takes half as much damage on a successful one.",,3,0,3,1,0,1,2,10
invisible stalker,,neutral ,elemental,medium,,0,14,104,16,8,16,19,14,10,15,11,"[[""slam"", 6, 3, 6, 6], [""slam"", 6, 3, 6, 6]]",6,2300,0,none,,,none,,,4,3,4,2,0,2,0,7
iron golem,,unaligned ,construct,large,natural armor,10,20,210,20,10,24,9,20,3,11,1,"[[""sword"", 13, 7, 10, 10, 10], [""sword"", 13, 7, 10, 10, 10], [""sword"", 13, 7, 10, 10, 10]]",16,15000,0,none,,,none,,,0,7,0,5,0,0,0,22
jackal,,unaligned ,beast,small,,0,12,3,1,6,8,15,11,3,12,6,"[[""bite"", 1, -1, 4]]",0,10,0,none,,,none,,,2,0,2,0,0,1,0,10
killer whale,,unaligned ,beast,huge,natural armor,2,12,90,12,12,19,10,13,3,12,7,"[[""bite"", 6, 4, 6, 6, 6, 6, 6]]",3,700,0,none,,,none,,,0,4,0,1,0,1,0,10
knight,,any ,humanoid (any race),medium,plate,8,18,52,8,8,16,11,14,11,11,15,"[[""greatsword"", 5, 3, 6, 6], [""greatsword"", 5, 3, 6, 6]]",3,700,0,none,,,none,,,0,3,0,2,0,0,2,10
kobold,,lawful evil ,humanoid (kobold),small,,0,12,5,2,6,7,15,9,8,7,8,"[[""dagger"", 4, 2, 4]]",0.125,25,0,none,,,none,,,2,0,2,0,0,0,0,10
kraken,,chaotic evil ,monstrosity (titan),gargantuan,natural armor,8,18,472,27,20,30,11,25,22,18,20,"[[""tentacle"", 17, 10, 6, 6, 6], [""tentacle"", 17, 10, 6, 6, 6], [""tentacle"", 17, 10, 6, 6, 6]]",23,50000,0,none,,,none,Can replace each Tentacle attack with Fling,,0,10,0,7,6,4,5,1
lamia,,chaotic evil ,monstrosity,large,natural armor,2,13,97,13,10,16,13,15,14,15,16,"[[""claws"", 5, 3, 10, 10], [""dagger"", 5, 3, 4]]",4,1100,0,none,,,none,NO INTOXICATING TOUCH,,1,3,1,2,2,2,3,10
lemure,,lawful evil ,fiend (devil),medium,,-3,7,13,3,8,10,5,11,1,11,3,"[[""fist"", 3, 0, 4]]",0,10,0,none,,,none,,,0,0,0,0,0,0,0,10
lich,,any evil ,undead,medium,natural armor,4,17,135,18,8,11,16,16,20,14,16,"[[""paralyzing touch"", 12, 0, 6, 6, 6]]",21,33000,0,none,,,none,NO PARALYZING TOUCH,,3,0,3,3,5,2,3,1
lion,,unaligned ,beast,large,,0,12,26,4,10,17,15,13,3,12,8,"[[""bite"", 5, 3, 8]]",1,200,0,none,,,none,,,2,3,2,1,0,1,0,10
lizard,,unaligned ,beast,tiny,,0,10,2,1,4,2,11,10,1,8,3,"[[""bite"", 0, 0, 1]]",0,10,0,none,,,none,,,0,0,0,0,0,0,0,10
lizardfolk,,neutral ,humanoid (lizardfolk),medium,"natural armor, shield",5,15,22,4,8,15,10,13,7,12,7,"[[""javelin"", 4, 2, 6], [""spiked shield"", 4, 2, 6]]",0.5,100,0,none,,,none,"two melee attacks, each one with a different weapon.",,0,2,0,1,0,1,0,10
mage,,any ,humanoid (any race),medium,(15 with mage armor),0,12,40,9,8,9,14,11,17,12,11,"[[""dagger"", 5, 2, 4]]",6,2300,0,none,,,none,,,2,0,2,0,3,1,0,7
magma mephit,,neutral evil ,elemental,small,,0,11,22,5,6,8,12,12,7,10,10,"[[""claws"", 3, 1, 4]]",0.5,100,0,none,,,none,NO BREATH WEAPON,,1,0,1,1,0,0,0,10
magmin,,chaotic neutral ,elemental,small,natural armor,2,14,9,2,6,7,15,12,8,11,10,"[[""touch"", 4, 0, 6, 6]]",0.5,100,0,none,,,none,"If the target is a creature or a flammable object, it ignites. Until a creature takes an action to douse the fire, the target takes 3 (1d6) fire damage at the end of each of its turns.",,2,0,2,1,0,0,0,10
mammoth,,unaligned ,beast,huge,natural armor,3,13,126,11,12,24,9,21,3,11,6,"[[""gore"", 10, 7, 8, 8, 8, 8]]",6,2300,0,none,,,none,,,0,7,0,5,0,0,0,7
manticore,,lawful evil ,monstrosity,large,natural armor,1,14,68,8,10,17,16,17,7,12,8,"[[""bite"", 5, 3, 8], [""claw"", 5, 3, 6], [""claw"", 5, 3, 6]]",3,700,0,none,,,none,,,3,3,3,3,0,1,0,10
marilith,,chaotic evil ,fiend (demon),large,natural armor,3,18,189,18,10,18,20,20,18,16,20,"[[""longsword"", 9, 4, 8, 8], [""longsword"", 9, 4, 8, 8], [""longsword"", 9, 4, 8, 8], [""longsword"", 9, 4, 8, 8], [""longsword"", 9, 4, 8, 8], [""longsword"", 9, 4, 8, 8], [""tail"", 9, 4, 10, 10]]",16,15000,0,none,,,none,,,5,4,5,5,4,3,5,22
mastiff,,unaligned ,beast,medium,,0,12,5,1,8,13,14,12,3,12,7,"[[""bite"", 3, 1, 6]]",0.125,25,0,none,,,none,"If the target is a creature, it must succeed on a DC 11 Strength saving throw or be knocked prone.",,2,1,2,1,0,1,0,10
medusa,,lawful evil ,monstrosity,medium,natural armor,3,15,127,17,8,10,15,16,12,13,15,"[[""snake hair"", 5, 2, 4], [""shortsword"", 5, 2, 6], [""shortsword"", 5, 2, 6]]",6,2300,0,none,,,none,,,2,0,2,3,1,1,2,7
merfolk,,neutral ,humanoid (merfolk),medium,,0,11,11,2,8,10,13,12,11,11,12,"[[""spear"", 2, 0, 6]]",0.125,25,0,none,,,none,or 4 (1d8) piercing damage if used with two hands to make a melee attack.,,1,0,1,1,0,0,1,10
merrow,,chaotic evil ,monstrosity,large,natural armor,3,13,45,6,10,18,10,15,8,10,9,"[[""bite"", 6, 4, 8], [""claws"", 6, 4, 4, 4]]",2,450,0,none,,,none,,,0,4,0,2,0,0,0,10
mimic,,neutral ,monstrosity (shapechanger),medium,natural armor,1,12,58,9,8,17,12,15,5,13,8,"[[""pseudopod"", 5, 3, 8]]",2,450,0,none,,,none,"If the mimic is in object form, the target is subjected to its Adhesive trait.",,1,3,1,2,0,1,0,10
minotaur,,chaotic evil ,monstrosity,large,natural armor,4,14,76,9,10,18,11,16,6,16,9,"[[""greataxe"", 6, 4, 12, 12]]",3,700,0,none,,,none,,,0,4,0,3,0,3,0,10
minotaur skeleton,,lawful evil ,undead,large,natural armor,2,12,67,9,10,18,11,15,6,8,5,"[[""greataxe"", 6, 4, 12, 12]]",2,450,0,none,,,none,,,0,4,0,2,0,0,0,10
mule,,unaligned ,beast,medium,,0,10,11,2,8,14,10,13,2,10,5,"[[""hooves"", 2, 2, 4]]",0.125,25,0,none,,,none,,,0,2,0,1,0,0,0,10
mummy,,lawful evil ,undead,medium,natural armor,1,11,58,9,8,16,8,15,6,10,12,"[[""claws"", 6, 4, 4, 4], [""rotting fist"", 5, 3, 6, 6]]",3,700,0,none,,,none,NO DREAFUL GLARE OR MUMMY ROT,,0,3,0,2,0,0,1,10
mummy lord,,lawful evil ,undead,medium,natural armor,7,17,97,13,8,18,10,17,11,18,16,"[[""rotting fist"", 9, 4, 6, 6, 6]]",15,13000,0,none,,,none,,,0,4,0,3,0,4,3,20
nalfeshnee,,chaotic evil ,fiend (demon),large,natural armor,8,18,184,16,10,21,10,22,19,12,15,"[[""bite"", 10, 5, 10, 10, 10, 10, 10], [""claw"", 10, 5, 6, 6, 6], [""claw"", 10, 5, 6, 6, 6]]",13,10000,0,none,,,none,NO HORROR NIMBUS (Uses Horror Nimbus when available),,0,5,0,6,4,1,2,16.5
night hag,,neutral evil ,fiend,medium,natural armor,5,17,112,15,8,18,15,16,16,14,16,"[[""claws"", 7, 4, 8, 8]]",5,1800,0,none,,,none,,,2,4,2,3,3,2,3,10
nightmare,demon horse,neutral evil ,fiend,large,natural armor,1,13,68,8,10,18,15,16,10,13,15,"[[""hooves"", 6, 4, 8, 8]]",3,700,0,none,,,none,plus 7 (2d6) fire damage.,,2,4,2,3,0,1,2,10
noble,courtier,any ,humanoid (any race),medium,breastplate,4,15,9,2,8,11,12,11,12,14,16,"[[""rapier"", 3, 1, 8]]",0.125,25,0,none,,,none,,,1,0,1,0,1,2,3,10
ochre jelly,,unaligned ,ooze,large,,-2,8,45,6,10,15,6,14,2,6,1,"[[""pseudopod"", 4, 2, 6, 6]]",2,450,0,none,,,none,plus 3 (1d6) acid damage.,,0,2,0,2,0,0,0,10
octopus,,unaligned ,beast,small,,0,12,3,1,6,4,15,11,3,10,4,"[[""tentacles"", 4, 0, 1]]",0,10,0,none,,,none,"The target is grappled (escape DC 10). Until this grapple ends, the octopus can't use its tentacles on another target.",,2,0,2,0,0,0,0,10
ogre,,chaotic evil ,giant,large,hide armor,1,11,59,7,10,19,8,16,5,7,7,"[[""greatclub"", 6, 4, 8, 8]]",2,450,0,none,,,none,,,0,4,0,3,0,0,0,10
ogre zombie,,neutral evil ,undead,large,,-2,8,85,9,10,19,6,18,3,6,5,"[[""morningstar"", 6, 4, 8, 8]]",2,450,0,none,,,none,,,0,4,0,4,0,0,0,10
oni,ogre mage,lawful evil ,giant,large,chain mail,6,16,110,13,10,19,11,16,14,12,15,"[[""glaive"", 7, 4, 10, 10], [""glaive"", 7, 4, 10, 10]]",7,2900,0,none,,,none,,,0,4,0,3,2,1,2,8
orc,,chaotic evil ,humanoid (orc),medium,hide armor,2,13,15,2,8,16,12,16,7,11,10,"[[""greataxe"", 5, 3, 12]]",0.5,100,0,none,,,none,,,1,3,1,3,0,0,0,10
otyugh,,neutral ,aberration,large,natural armor,4,14,114,12,10,16,11,19,6,13,6,"[[""bite"", 6, 3, 8, 8], [""tentacle"", 6, 3, 8], [""tentacle"", 6, 3, 8]]",5,1800,0,none,,,none,,,0,3,0,4,0,1,0,10
owl,,unaligned ,beast,tiny,,0,11,1,1,4,3,13,8,2,12,7,"[[""talons"", 3, 0, 1]]",0,10,0,none,,,none,,,1,0,1,0,0,1,0,10
owlbear,,unaligned ,monstrosity,large,natural armor,2,13,59,7,10,20,12,17,3,12,7,"[[""beak"", 7, 5, 10], [""claws"", 7, 5, 8, 8]]",3,700,0,none,,,none,,,1,5,1,3,0,1,0,10
panther,,unaligned ,beast,medium,,0,12,13,3,8,14,15,10,3,14,7,"[[""bite"", 4, 2, 6]]",0.25,50,0,none,,,none,,,2,2,2,0,0,2,0,10
pegasus,,chaotic good ,celestial,large,,0,12,59,7,10,18,15,16,10,15,13,"[[""hooves"", 6, 4, 6, 6]]",2,450,0,none,,,none,,,2,4,2,3,0,2,1,10
phase spider,,unaligned ,monstrosity,large,natural armor,1,13,32,5,10,15,15,12,6,10,6,"[[""bite"", 4, 2, 10]]",3,700,0,none,,,none,"The target must make a DC 11 Constitution saving throw, taking 18 (4d8) poison damage on a failed save, or The target takes half as much damage on a successful one. If the poison damage reduces the target to 0 hit points, the target is stable but poisoned for 1 hour, even after regaining hit points, and is paralyzed while poisoned in this way.",,2,2,2,1,0,0,0,10
pit fiend,,lawful evil ,fiend (devil),large,natural armor,7,19,300,24,10,26,14,24,22,18,24,"[[""bite"", 14, 8, 6, 6, 6, 6], [""claw"", 14, 8, 8, 8], [""mace"", 14, 8, 6, 6], [""tail"", 14, 8, 10, 10, 10]]",20,25000,0,none,,,none,,,2,8,2,7,6,4,7,33
planetar,,lawful good ,celestial,large,natural armor,4,19,200,16,10,24,20,24,19,22,25,"[[""greatsword"", 12, 7, 6, 6, 6, 6], [""greatsword"", 12, 7, 6, 6, 6, 6]]",16,15000,0,none,,,none,,,5,7,5,7,4,6,7,22
plesiosaurus,,unaligned ,beast,large,natural armor,1,13,68,8,10,18,15,16,2,12,5,"[[""bite"", 6, 4, 6, 6, 6]]",2,450,0,none,,,none,,,2,4,2,3,0,1,0,10
poisonous snake,,unaligned ,beast,tiny,,0,13,2,1,4,2,16,11,1,10,3,"[[""bite"", 6, 0, 1]]",0.125,25,0,none,,,none,"The target must make a DC 10 Constitution saving throw, taking 5 (2d4) poison damage on a failed save, or The target takes half as much damage on a successful one.",,3,0,3,0,0,0,0,10
polar bear,,unaligned ,beast,large,natural armor,2,12,42,5,10,20,10,16,2,13,7,"[[""bite"", 7, 5, 8], [""claws"", 7, 5, 6, 6]]",2,450,0,none,,,none,,,0,5,0,3,0,1,0,10
pony,,unaligned ,beast,medium,,0,10,11,2,8,15,10,13,2,11,7,"[[""hooves"", 4, 2, 4, 4]]",0.125,25,0,none,,,none,,,0,2,0,1,0,0,0,10
priest,,any ,humanoid (any race),medium,chain shirt,3,13,27,5,8,10,10,12,13,16,13,"[[""mace"", 2, 0, 6]]",2,450,0,none,,,none,,,0,0,0,1,1,3,1,10
pseudodragon,,neutral good ,dragon,tiny,natural armor,1,13,7,2,4,6,15,13,10,12,10,"[[""bite"", 4, 2, 4]]",0.25,50,0,none,,,none,,,2,0,2,1,0,1,0,10
purple worm,,unaligned ,monstrosity,gargantuan,natural armor,8,18,247,15,20,28,7,22,1,8,4,"[[""bite"", 9, 9, 8, 8, 8], [""tail stinger"", 9, 9, 6, 6, 6]]",15,13000,0,none,,,none,,,0,9,0,6,0,0,0,20
quasit,,chaotic evil ,fiend (demon shapechanger),tiny,,0,13,7,3,4,5,17,10,7,10,10,"[[""claws"", 4, 3, 4]]",1,200,0,none,,,none,"The target must succeed on a DC 10 Constitution saving throw or take 5 (2d4) poison damage and become poisoned for 1 minute. The target can repeat the saving throw at the end of each of its turns, ending the effect on itself on a success.",,3,0,3,0,0,0,0,10
quipper,,unaligned ,beast,tiny,,0,13,1,1,4,2,16,9,1,7,2,"[[""bite"", 5, 0, 1]]",0,10,0,none,,,none,,,3,0,3,0,0,0,0,10
rakshasa,,lawful evil ,fiend,medium,natural armor,3,16,110,13,8,14,17,18,13,16,20,"[[""claw"", 7, 2, 6, 6], [""claw"", 7, 2, 6, 6]]",13,10000,0,none,,,none,,,3,2,3,4,1,3,5,16.5
rat,,unaligned ,beast,tiny,,0,10,1,1,4,2,11,9,2,10,4,"[[""bite"", 0, 0, 1]]",0,10,0,none,,,none,,,0,0,0,0,0,0,0,10
raven,,unaligned ,beast,tiny,,0,12,1,1,4,2,14,8,2,12,6,"[[""beak"", 4, 0, 1]]",0,10,0,none,,,none,,,2,0,2,0,0,1,0,10
red dragon wyrmling,,chaotic evil ,dragon,medium,natural armor,7,17,75,10,8,19,10,17,12,11,15,"[[""bite"", 6, 4, 10]]",4,1100,0,"[
   {
      ""name"":""breath weapon"",
   ""role"":""damage"",
      ""num_targets"":[
         4
      ],
   ""max_targets"":6,
      ""type"":""fire"",
      ""save"":""dx"",
      ""dc"":13,
      ""damage"":[
   6,
   6,
         6,
         6,
   6,
   6,
   6
      ],
   ""recharge"":5,
   ""recharge_threshold"":5,
   ""usable"": true
   }
]",,,none,plus 3 (1d6) fire damage.,,0,4,0,3,1,0,2,10
reef shark,,unaligned ,beast,medium,natural armor,1,12,22,4,8,14,13,13,1,10,4,"[[""bite"", 4, 2, 8]]",0.5,100,0,none,,,none,,,1,2,1,1,0,0,0,10
remorhaz,,unaligned ,monstrosity,huge,natural armor,6,17,195,17,12,24,13,21,4,10,5,"[[""bite"", 11, 7, 10, 10, 10, 10, 10, 10]]",11,7200,0,none,,,none,"plus 10 (3d6) fire damage. If the target is a creature, it is grappled (escape DC 17). Until this grapple ends, the target is restrained, and the remorhaz can't bite another target.",,1,7,1,5,0,0,0,14
rhinoceros,,unaligned ,beast,large,natural armor,1,11,45,6,10,21,8,15,2,12,6,"[[""gore"", 7, 5, 8, 8]]",2,450,0,none,,,none,,,0,5,0,2,0,1,0,10
riding horse,,unaligned ,beast,large,,0,10,13,2,10,16,10,12,2,11,7,"[[""hooves"", 5, 3, 4, 4]]",0.25,50,0,none,,,none,,,0,3,0,1,0,0,0,10
roc,,unaligned ,monstrosity,gargantuan,natural armor,5,15,248,16,20,28,10,20,3,10,9,"[[""beak"", 13, 9, 8, 8, 8, 8], [""talons"", 13, 9, 6, 6, 6, 6]]",11,7200,0,none,,,none,,,0,9,0,5,0,0,0,14
roper,,neutral evil ,monstrosity,large,natural armor,10,20,93,11,10,18,8,17,7,16,6,"[[""bite"", 3, 1, 8]]",5,1800,0,none,,,none,NO TENDRILS OR REEL,,0,4,0,3,0,3,0,10
rug of smothering,,unaligned ,construct,large,,0,12,33,6,10,17,14,10,1,3,1,[],2,450,0,none,,,none,NO SMOTHER,,2,3,2,0,0,0,0,10
rust monster,,unaligned ,monstrosity,medium,natural armor,3,14,27,5,8,13,12,13,2,13,6,"[[""bite"", 3, 1, 8]]",0.5,100,0,none,,,none,,,1,1,1,1,0,1,0,10
saber-toothed tiger,,unaligned ,beast,large,,0,12,52,7,10,18,14,15,3,12,8,"[[""bite"", 6, 5, 10]]",2,450,0,none,,,none,,,2,4,2,2,0,1,0,10
sahuagin,,lawful evil ,humanoid (sahuagin),medium,natural armor,2,12,22,4,8,13,11,12,12,13,9,"[[""bite"", 3, 1, 4], [""spear"", 3, 1, 6]]",0.5,100,0,none,,,none,,,0,1,0,1,1,1,0,10
salamander,,neutral evil ,elemental,large,natural armor,3,15,90,12,10,18,14,15,11,10,12,"[[""spear"", 7, 4, 6, 6], [""tail"", 7, 4, 6, 6]]",5,1800,0,none,,,none,,,2,4,2,2,0,0,1,10
satyr,,chaotic neutral ,fey,medium,leather armor,1,14,31,7,8,12,16,11,12,10,14,"[[""ram"", 3, 1, 4, 4]]",0.5,100,0,none,,,none,,,3,1,3,0,1,0,2,10
scorpion,,unaligned ,beast,tiny,natural armor,1,11,1,1,4,2,11,8,1,8,2,"[[""sting"", 2, 0, 1]]",0,10,0,none,,,none,"The target must make a DC 9 Constitution saving throw, taking 4 (1d8) poison damage on a failed save, or The target takes half as much damage on a successful one.",,0,0,0,0,0,0,0,10
scout,,any ,humanoid (any race),medium,leather armor,1,13,16,3,8,11,14,12,11,13,11,"[[""shortsword"", 4, 2, 6], [""shortsword"", 4, 2, 6]]",0.5,100,0,none,,,none,,,2,0,2,1,0,1,0,10
sea hag,,chaotic evil ,fey,medium,natural armor,3,14,52,7,8,16,13,16,12,12,13,"[[""claws"", 5, 3, 6, 6]]",2,450,0,none,,,none,,,1,3,1,3,1,1,1,10
sea horse,,unaligned ,beast,tiny,,0,11,1,1,4,1,12,8,1,10,2,[],0,0,0,none,,,none,NO ACTIONS,,1,0,1,0,0,0,0,10
shadow,,chaotic evil ,undead,medium,,0,12,16,3,8,6,14,13,6,10,8,"[[""strength drain"", 4, 2, 6, 6]]",0.5,100,0,none,,,none,"The target's Strength score is reduced by 1d4. The target dies if this reduces its Strength to 0. Otherwise, the reduction lasts until the target finishes a short or long rest. If a non-evil humanoid dies from this attack, a new shadow rises from the corpse 1d4 hours later.",,2,0,2,1,0,0,0,10
shambling mound,shambler,unaligned ,plant,large,natural armor,5,15,136,16,10,18,8,16,5,10,5,"[[""slam"", 7, 4, 8, 8], [""slam"", 7, 4, 8, 8]]",5,1800,0,none,,,none,"If both attacks hit medium or smaller target, target is grappled (escape DC 14), and Engulfed",,0,4,0,3,0,0,0,10
shield guardian,,unaligned ,construct,large,natural armor,7,17,142,15,10,18,8,18,7,10,3,"[[""fist"", 7, 4, 6, 6], [""fist"", 7, 4, 6, 6]]",7,2900,0,none,,,none,,,0,4,0,4,0,0,0,8
shrieker,,unaligned ,plant,medium,,-5,5,13,3,8,1,1,10,1,3,1,[],0,10,0,none,,,none,,,0,0,0,0,0,0,0,10
silver dragon wyrmling,,lawful good ,dragon,medium,natural armor,7,17,45,6,8,19,10,17,12,11,15,"[[""bite"", 6, 4, 10]]",2,450,0,"[
   {
      ""name"":""breath weapon"",
   ""role"":""damage"",
      ""num_targets"":[
         4
      ],
   ""max_targets"":6,
      ""type"":""cold"",
      ""save"":""cn"",
      ""dc"":13,
      ""damage"":[
         8,
   8,
   8,
   8
      ],
   ""recharge"":5,
   ""recharge_threshold"":5,
   ""usable"": true
   }
]",,,none,,,0,4,0,3,1,0,2,10
skeleton,,lawful evil ,undead,medium,armor scraps,1,13,13,2,8,10,14,15,6,8,5,"[[""shortsword"", 4, 2, 6]]",0.25,50,0,none,,,none,,,2,0,2,2,0,0,0,10
solar,,lawful good ,celestial,large,natural armor,5,21,243,18,10,26,22,26,25,25,30,"[[""greatsword"", 15, 8, 6, 6, 6, 6], [""greatsword"", 15, 8, 6, 6, 6, 6]]",21,33000,0,none,,,none,NO SLAYING LONGBOW,,6,8,6,8,7,7,10,1
specter,,chaotic evil ,undead,medium,,0,12,22,5,8,1,14,11,10,10,11,"[[""life drain"", 4, 0, 6, 6, 6]]",1,200,0,none,,,none,NO LIFEDRAIN EFFECT (The target must succeed on a DC 10 Constitution saving throw or its hit point maximum is reduced by an amount equal to the damage taken. This reduction lasts until the creature finishes a long rest. The target dies if this effect reduces its hit point maximum to 0.),,2,0,2,0,0,0,0,10
spider,,unaligned ,beast,tiny,,0,12,1,1,4,2,14,8,1,10,2,"[[""bite"", 4, 0, 1]]",0,10,0,none,,,none,The target must succeed on a DC 9 Constitution saving throw or take 2 (1d4) poison damage,,2,0,2,0,0,0,0,10
spirit naga,,chaotic evil ,monstrosity,large,natural armor,2,15,75,10,10,18,17,14,16,15,16,"[[""bite"", 7, 4, 6]]",8,3900,0,none,,,none,"The target must make a DC 13 Constitution saving throw, taking 31 (7d8) poison damage on a failed save, or The target takes half as much damage on a successful one.",,3,4,3,2,3,2,3,9
sprite,,neutral good ,fey,tiny,leather armor,1,15,2,1,4,3,18,10,14,13,11,"[[""longsword"", 2, 0, 1]]",0.25,50,0,none,,,none,,,4,0,4,0,2,1,0,10
spy,,any ,humanoid (any race),medium,,0,12,27,6,8,10,15,10,12,14,16,"[[""shortsword"", 4, 2, 6], [""shortsword"", 4, 2, 6]]",1,200,0,none,,,none,,,2,0,2,0,1,2,3,10
steam mephit,,neutral evil ,elemental,small,,0,10,21,6,6,5,11,10,11,10,12,"[[""claws"", 2, 0, 4]]",0.25,50,0,none,,,none,plus 2 (1d4) fire damage.,,0,0,0,0,0,0,1,10
stirge,,unaligned ,beast,tiny,natural armor,1,14,2,1,4,4,16,11,2,8,6,"[[""blood drain"", 5, 3, 4]]",0.125,25,0,none,,,none,"The stirge attaches to the target. While attached, the stirge doesn't attack. Instead, at the start of each of the stirge's turns, the target loses 5 (1d4 + 3) hit points due to blood loss. The stirge can detach itself by spending 5 feet of its movement. It does so after it drains 10 hit points of blood from the target or the target dies. A creature, including the target, can use its action to detach the stirge. ",,3,0,3,0,0,0,0,10
stone giant,,neutral ,giant,huge,natural armor,5,17,126,11,12,23,15,20,10,12,9,"[[""greatclub"", 9, 6, 8, 8, 8], [""greatclub"", 9, 6, 8, 8, 8]]",7,2900,0,none,,,none,,,2,6,2,5,0,1,0,8
stone golem,,unaligned ,construct,large,natural armor,7,17,178,17,10,22,9,20,3,11,1,"[[""slam"", 10, 6, 8, 8, 8], [""slam"", 10, 6, 8, 8, 8]]",10,5900,0,none,,,none,,,0,6,0,5,0,0,0,12
storm giant,,chaotic good ,giant,huge,scale mail,4,16,230,20,12,29,14,20,16,18,18,"[[""greatsword"", 14, 9, 6, 6, 6, 6, 6, 6], [""greatsword"", 14, 9, 6, 6, 6, 6, 6, 6]]",13,10000,0,none,,,none,,,2,9,2,5,3,4,4,16.5
succubus,incubus,neutral evil ,fiend (shapechanger),medium,natural armor,2,15,66,12,8,8,17,13,15,12,20,"[[""claw"", 5, 3, 6]]",4,1100,0,none,,,none,,,3,0,3,1,2,1,5,10
swarm of bats,,unaligned ,beast,medium swarm of tiny,,0,12,22,5,8,5,15,10,2,12,4,"[[""bites"", 4, 0, 4, 4]]",0.5,100,0,none,,,none,or 2 (1d4) piercing damage if the swarm has half of its hit points or fewer.,,2,0,2,0,0,1,0,10
swarm of beetles,,unaligned ,beast,medium swarm of tiny,natural armor,1,12,22,5,8,3,13,10,1,7,1,"[[""bites"", 3, 0, 4, 4, 4, 4]]",0.5,100,0,none,,,none,or 5 (2d4) piercing damage if the swarm has half of its hit points or fewer.,,1,0,1,0,0,0,0,10
swarm of centipedes.,,unaligned ,beast,medium swarm of tiny,natural armor,1,12,22,5,8,3,13,10,1,7,1,"[[""bites"", 3, 0, 4, 4, 4, 4]]",0.5,100,0,none,,,none,or 5 (2d4) piercing damage if the swarm has half of its hit points or fewer.,,1,0,1,0,0,0,0,10
swarm of insects,,unaligned ,beast,medium swarm of tiny,natural armor,1,12,22,5,8,3,13,10,1,7,1,"[[""bites"", 3, 0, 4, 4, 4, 4]]",0.5,100,0,none,,,none,or 5 (2d4) piercing damage if the swarm has half of its hit points or fewer.,,1,0,1,0,0,0,0,10
swarm of poisonous snakes,,unaligned ,beast,medium swarm of tiny,,0,14,36,8,8,8,18,11,1,10,3,"[[""bites"", 6, 0, 6, 6]]",2,450,0,none,,,none,"or 3 (1d6) piercing damage if the swarm has half of its hit points or fewer. The target must make a DC 10 Constitution saving throw, taking 14 (4d6) poison damage on a failed save, or The target takes half as much damage on a successful one.",,4,0,4,0,0,0,0,10
swarm of quippers,,unaligned ,beast,medium swarm of tiny,,0,13,28,8,8,13,16,9,1,7,2,"[[""bites"", 5, 0, 6, 6, 6, 6]]",1,200,0,none,,,none,or 7 (2d6) piercing damage if the swarm has half of its hit points or fewer.,,3,1,3,0,0,0,0,10
swarm of rats,,unaligned ,beast,medium swarm of tiny,,0,10,24,7,8,9,11,9,2,10,3,"[[""bites"", 2, 0, 6, 6]]",0.25,50,0,none,,,none,or 3 (1d6) piercing damage if the swarm has half of its hit points or fewer.,,0,0,0,0,0,0,0,10
swarm of ravens,,unaligned ,beast,medium swarm of tiny,,0,12,24,7,8,6,14,8,3,12,6,"[[""beaks"", 4, 0, 6, 6]]",0.25,50,0,none,,,none,or 3 (1d6) piercing damage if the swarm has half of its hit points or fewer.,,2,0,2,0,0,1,0,10
swarm of spiders.,,unaligned ,beast,medium swarm of tiny,natural armor,1,12,22,5,8,3,13,10,1,7,1,"[[""bites"", 3, 0, 4, 4, 4, 4]]",0.5,100,0,none,,,none,or 5 (2d4) piercing damage if the swarm has half of its hit points or fewer.,,1,0,1,0,0,0,0,10
swarm of wasps.,,unaligned ,beast,medium swarm of tiny,natural armor,1,12,22,5,8,3,13,10,1,7,1,"[[""bites"", 3, 0, 4, 4, 4, 4]]",0.5,100,0,none,,,none,or 5 (2d4) piercing damage if the swarm has half of its hit points or fewer.,,1,0,1,0,0,0,0,10
tarrasque,,unaligned ,monstrosity (titan),gargantuan,natural armor,15,25,676,33,20,30,11,30,3,11,11,"[[""bite"", 19, 10, 12, 12, 12, 12], [""claw"", 19, 10, 8, 8, 8, 8], [""claw"", 19, 10, 8, 8, 8, 8], [""horns"", 19, 10, 10, 10, 10, 10], [""tail"", 19, 10, 6, 6, 6, 6]]",30,155000,0,none,,,none,NO FRIGHTFUL PRESENCSE OR REGEN (Can use Swallow instead of Bite),,0,10,0,10,0,0,0,1
thug,,any non-good ,humanoid (any race),medium,leather armor,1,11,32,5,8,15,11,14,10,10,11,"[[""mace"", 4, 2, 6], [""mace"", 4, 2, 6]]",0.5,100,0,none,,,none,,,0,2,0,2,0,0,0,10
tiger,,unaligned ,beast,large,,0,12,37,5,10,17,15,14,3,12,8,"[[""bite"", 5, 3, 10]]",1,200,0,none,,,none,,,2,3,2,2,0,1,0,10
treant,,chaotic good ,plant,huge,natural armor,6,16,138,12,12,23,8,21,12,16,12,"[[""slam"", 10, 6, 6, 6, 6], [""slam"", 10, 6, 6, 6, 6]]",9,5000,0,none,,,none,,,0,6,0,5,1,3,1,10.5
tribal warrior,,any ,humanoid (any race),medium,hide armor,2,12,11,2,8,13,11,12,8,11,8,"[[""spear"", 3, 1, 6]]",0.125,25,0,none,,,none,or 5 (1d8 + 1) piercing damage if used with two hands to make a melee attack.,,0,1,0,1,0,0,0,10
triceratops,,unaligned ,beast,huge,natural armor,3,13,95,10,12,22,9,17,2,11,5,"[[""gore"", 9, 6, 8, 8, 8, 8]]",5,1800,0,none,,,none,,,0,6,0,3,0,0,0,10
troll,,chaotic evil ,giant,large,natural armor,4,15,84,8,10,18,13,20,7,9,7,"[[""bite"", 7, 4, 6], [""claw"", 7, 4, 6, 6], [""claw"", 7, 4, 6, 6]]",5,1800,0,none,,,none,,,1,4,1,5,0,0,0,10
tyrannosaurus rex,,unaligned ,beast,huge,natural armor,3,13,136,13,12,25,10,19,2,12,9,"[[""bite"", 10, 7, 12, 12, 12, 12], [""tail"", 10, 7, 8, 8, 8]]",8,3900,0,none,,,none,Can't make both attacks against same target,,0,7,0,4,0,1,0,9
unicorn,,lawful good ,celestial,large,,0,12,67,9,10,18,14,15,11,17,16,"[[""hooves"", 7, 4, 6, 6], [""horn"", 7, 4, 8]]",5,1800,0,none,,,none,,,2,4,2,2,0,3,3,10
vampire,,lawful evil ,undead (shapechanger),medium,natural armor,2,16,144,17,8,18,18,18,17,15,18,"[[""unarmed strike"", 9, 4, 8], [""bite"", 9, 4, 6]]",13,10000,0,none,,,none,Multiattack only available in Vampire Form Only,,4,4,4,4,3,2,4,16.5
vampire spawn,,neutral evil ,undead,medium,natural armor,2,15,82,11,8,16,16,16,11,10,12,"[[""claws"", 6, 3, 4, 4], [""bite"", 6, 3, 6]]",5,1800,0,none,,,none,,,3,3,3,3,0,0,1,10
veteran,,any ,humanoid (any race),medium,splint,7,17,58,9,8,16,9,15,18,15,18,"[[""longsword"", 5, 3, 8], [""longsword"", 5, 3, 8], ['shortsword', 5, 3, 6]]",3,700,0,none,,,none,"If shortsword is drawn, can also make shortsword attack.",,0,3,0,2,4,2,4,10
violet fungus,,unaligned ,plant,medium,,-5,5,18,4,8,3,1,10,1,3,1,,0.25,50,0,none,,,none,"[""rotting touch"", 2, 0, 8] x 1d4",,0,0,0,0,0,0,0,10
vrock,,chaotic evil ,fiend (demon),large,natural armor,3,15,104,11,10,17,15,18,8,13,8,"[[""beak"", 6, 3, 6, 6], [""talons"", 6, 3, 10, 10]]",6,2300,0,none,,,none,,,2,3,2,4,0,1,0,7
vulture,,unaligned ,beast,medium,,0,10,5,1,8,7,10,13,2,12,4,"[[""beak"", 2, 0, 4]]",0,10,0,none,,,none,,,0,0,0,1,0,1,0,10
warhorse,,unaligned ,beast,large,,0,11,19,3,10,18,12,13,2,12,7,"[[""hooves"", 6, 4, 6, 6]]",0.5,100,0,none,,,none,,,1,4,1,1,0,1,0,10
warhorse skeleton,,lawful evil ,undead,large,barding scraps,2,13,22,3,10,18,12,15,2,8,5,"[[""hooves"", 6, 4, 6, 6]]",0.5,100,0,none,,,none,,,1,4,1,2,0,0,0,10
water elemental,,neutral ,elemental,large,natural armor,2,14,114,12,10,18,14,18,5,10,8,"[[""slam"", 7, 4, 8, 8], [""slam"", 7, 4, 8, 8]]",5,1800,0,none,,,none,,,2,4,2,4,0,0,0,10
weasel,,unaligned ,beast,tiny,,0,13,1,1,4,3,16,8,2,12,3,"[[""bite"", 5, 0, 1]]",0,10,0,none,,,none,,,3,0,3,0,0,1,0,10
werebear,,neutral good ,humanoid (human,medium,"in humanoid form, 11 (natural armor) in bear and hybrid form ",0,10,135,18,8,19,10,17,11,12,12,"[[""claw"", 7, 4, 8, 8], [""claw"", 7, 4, 8, 8]]",5,1800,0,none,,,none,Claw multiattack only available in Bear or Hybrid Form.  Greataxe multiattack only available in Humanoid or Hybrid form.,,0,4,0,3,0,1,1,10
wereboar,,neutral evil ,humanoid (human shapechanger),medium,"in humanoid form, 11 (natural armor) in boar or hybrid form ",0,10,78,12,8,17,10,15,10,11,8,"[[""maul"", 5, 3, 6, 6], [""tusks"", 5, 3, 6, 6]]",4,1100,0,none,,,none,Multiattack only available in Humanoid or Hybrid Form,,0,3,0,2,0,0,0,10
wererat,,lawful evil ,humanoid (human shapechanger),medium,,0,12,33,6,8,10,15,12,11,10,8,"[[""bite"", 4, 2, 4], [""shortsword"", 4, 2, 6]]",2,450,0,none,,,none,Multiattack only available in Humanoid or Hybrid Form,,2,0,2,1,0,0,0,10
weretiger,,neutral ,humanoid (human shapechanger),medium,,0,12,120,16,8,17,15,16,10,13,11,"[[""claw"", 5, 3, 8], [""claw"", 5, 3, 8]]",4,1100,,none,,,none,Multiattack only available in Humanoid or Hybrid Form,,2,3,2,3,0,1,0,10
werewolf,,chaotic evil ,humanoid (human shapechanger),medium,"in humanoid form, 12 (natural armor) in wolf or hybrid form ",0,11,58,9,8,15,13,14,10,11,10,"[[""bite"", 4, 2, 8], [""claws"", 4, 2, 4, 4]]",3,700,,none,,,none,Multiattack only available in Humanoid or Hybrid Form,,1,2,1,2,0,0,0,10
white dragon wyrmling,,chaotic evil ,dragon,medium,natural armor,6,16,32,5,8,14,10,14,5,10,11,"[[""bite"", 4, 2, 10]]",2,450,0,"[
   {
      ""name"":""breath weapon"",
   ""role"":""damage"",
      ""num_targets"":[
         4
      ],
   ""max_targets"":6,
      ""type"":""cold"",
      ""save"":""cn"",
      ""dc"":12,
      ""damage"":[
         8,
   8,
   8,
   8,
   8
      ],
   ""recharge"":5,
   ""recharge_threshold"":5,
   ""usable"": true
   }
]",,,none,plus 2 (1d4) cold damage.,,0,2,0,2,0,0,0,10
wight,,neutral evil ,undead,medium,studded leather,2,14,45,6,8,15,14,16,10,13,15,"[[""longsword"", 4, 2, 8], [""longsword"", 4, 2, 8]]",3,700,0,none,,,none,Can use Life Drain in place of one longsword attack,,2,2,2,3,0,1,2,10
will-o-wisp,,chaotic evil ,undead,tiny,,0,19,22,9,4,1,28,10,13,14,11,"[[""shock"", 4, 0, 8, 8]]",2,450,0,none,,,none,,,9,0,9,0,1,2,0,10
winter wolf,,neutral evil ,monstrosity,large,natural armor,2,13,75,10,10,18,13,14,7,12,8,"[[""bite"", 6, 4, 6, 6]]",3,700,0,none,,,none,"If the target is a creature, it must succeed on a DC 14 Strength saving throw or be knocked prone.",,1,4,1,2,0,1,0,10
wolf,,unaligned ,beast,medium,natural armor,1,13,11,2,8,12,15,12,3,12,6,"[[""bite"", 4, 2, 4, 4]]",0.25,50,0,none,,,none,"If the target is a creature, it must succeed on a DC 11 Strength saving throw or be knocked prone.",,2,1,2,1,0,1,0,10
worg,,neutral evil ,monstrosity,large,natural armor,2,13,26,4,10,16,13,13,7,11,8,"[[""bite"", 5, 3, 6, 6]]",0.5,100,0,none,,,none,"If the target is a creature, it must succeed on a DC 13 Strength saving throw or be knocked prone.",,1,3,1,1,0,0,0,10
wraith,,neutral evil ,undead,medium,,0,13,67,9,8,6,16,16,12,14,15,"[[""life drain"", 6, 3, 8, 8, 8, 8]]",5,1800,0,none,,,none,The target must succeed on a DC 14 Constitution saving throw or its hit point maximum is reduced by an amount equal to the damage taken. This reduction lasts until the target finishes a long rest. The target dies if this effect reduces its hit point maximum to 0.,,3,0,3,3,1,2,2,10
wyvern,,unaligned ,dragon,large,natural armor,3,13,110,13,10,19,10,16,5,12,6,"[[""bite"", 7, 4, 6, 6], [""stinger"", 7, 4, 6, 6]]",6,2300,0,none,,,none,"When flying, can use claws in place of one other attack",,0,4,0,3,0,1,0,7
xorn,,neutral ,elemental,medium,natural armor,9,19,73,7,8,17,10,22,11,10,11,"[[""claw"", 6, 3, 6], [""claw"", 6, 3, 6], [""claw"", 6, 3, 6], [""bite"", 6, 3, 6, 6, 6]]",5,1800,0,none,,,none,,,0,3,0,6,0,0,0,10
young black dragon,,chaotic evil ,dragon,large,natural armor,6,18,127,15,10,19,14,17,12,11,15,"[[""bite"", 7, 4, 10, 10], [""claw"", 7, 4, 6, 6], [""claw"", 7, 4, 6, 6]]",7,2900,0,"[
   {
      ""name"":""breath weapon"",
   ""role"":""damage"",
      ""num_targets"":[
         4
      ],
   ""max_targets"":6,
      ""type"":""acid"",
      ""save"":""cn"",
      ""dc"":14,
      ""damage"":[
   8,
   8,
   8,
   8,
   8,
   8,
   8,
   8,
   8,
   8,
   8
      ],
   ""recharge"":5,
   ""recharge_threshold"":5,
   ""usable"": true
   }
]",,,none,NO BREATH WEAPON,,2,4,2,3,1,0,2,8
young blue dragon,,lawful evil ,dragon,large,natural armor,8,18,152,16,10,21,10,19,14,13,17,"[[""bite"", 9, 5, 10, 10], [""claw"", 9, 5, 6, 6], [""claw"", 9, 5, 6, 6]]",9,5000,0,"[
   {
      ""name"":""breath weapon"",
   ""role"":""damage"",
      ""num_targets"":[
         4
      ],
   ""max_targets"":12,
      ""type"":""lighting"",
      ""save"":""dx"",
      ""dc"":16,
      ""damage"":[
   10,
   10,
   10,
   10,
   10,
   10,
   10,
   10,
   10,
   10
      ],
   ""recharge"":5,
   ""recharge_threshold"":5,
   ""usable"": true
   }
]",,,none,NO BREATH WEAPON,,0,5,0,4,2,1,3,10.5
young brass dragon,,chaotic good ,dragon,large,natural armor,7,17,110,13,10,19,10,17,12,11,15,"[[""bite"", 7, 4, 10, 10], [""claw"", 7, 4, 6, 6], [""claw"", 7, 4, 6, 6]]",6,2300,0,"[
   {
      ""name"":""breath weapon"",
   ""role"":""damage"",
      ""num_targets"":[
         4
      ],
   ""max_targets"":8,
      ""type"":""fire"",
      ""save"":""dx"",
      ""dc"":14,
      ""damage"":[
   6,
   6,
   6,
   6,
   6,
   6,
   6,
   6,
   6,
   6,
   6,
   6
      ],
   ""recharge"":5,
   ""recharge_threshold"":5,
   ""usable"": true
   }
]",,,none,NO BREATH WEAPON,,0,4,0,3,1,0,2,7
young bronze dragon,,lawful good ,dragon,large,natural armor,8,18,142,15,10,21,10,19,14,13,17,"[[""bite"", 8, 5, 10, 10], [""claw"", 8, 5, 6, 6], [""claw"", 8, 5, 6, 6]]",8,3900,0,"[
   {
      ""name"":""breath weapon"",
   ""role"":""damage"",
      ""num_targets"":[
         4
      ],
   ""max_targets"":12,
      ""type"":""lightning"",
      ""save"":""dx"",
      ""dc"":15,
      ""damage"":[
   10,
   10,
   10,
   10,
   10,
   10,
   10,
   10,
   10,
   10
      ],
   ""recharge"":5,
   ""recharge_threshold"":5,
   ""usable"": true
   }
]",,,none,NO BREATH WEAPON,,0,5,0,4,2,1,3,9
young copper dragon,,chaotic good ,dragon,large,natural armor,6,17,119,14,10,19,12,17,16,13,15,"[[""bite"", 7, 4, 10, 10], [""claw"", 7, 4, 6, 6], [""claw"", 7, 4, 6, 6]]",7,2900,0,"[
   {
      ""name"":""breath weapon"",
   ""role"":""damage"",
      ""num_targets"":[
         4
      ],
   ""max_targets"":21,
      ""type"":""acid"",
      ""save"":""cn"",
      ""dc"":14,
      ""damage"":[
   8,
   8,
   8,
   8,
   8,
   8,
   8,
   8,
   8
      ],
   ""recharge"":5,
   ""recharge_threshold"":5,
   ""usable"": true
   }
]",,,none,NO BREATH WEAPON,,1,4,1,3,3,1,2,8
young gold dragon,,lawful good ,dragon,large,natural armor,6,18,178,17,10,23,14,21,16,13,20,"[[""bite"", 10, 6, 10, 10], [""claw"", 10, 6, 6, 6], [""claw"", 10, 6, 6, 6]]",10,5900,0,"[
   {
      ""name"":""breath weapon"",
   ""role"":""damage"",
      ""num_targets"":[
         4
      ],
   ""max_targets"":21,
      ""type"":""fire"",
      ""save"":""dx"",
      ""dc"":17,
      ""damage"":[
   10,
   10,
   10,
   10,
   10,
   10,
   10,
   10,
   10,
   10
      ],
   ""recharge"":5,
   ""recharge_threshold"":5,
   ""usable"": true
   }
]",,,none,NO BREATH WEAPON,,2,6,2,5,3,1,5,12
young green dragon,,lawful evil ,dragon,large,natural armor,7,18,136,16,10,19,12,17,16,13,15,"[[""bite"", 7, 4, 10, 10], [""claw"", 7, 4, 6, 6], [""claw"", 7, 4, 6, 6]]",8,3900,0,"[
   {
      ""name"":""breath weapon"",
   ""role"":""damage"",
      ""num_targets"":[
         4
      ],
   ""max_targets"":21,
      ""type"":""poison"",
      ""save"":""cn"",
      ""dc"":14,
      ""damage"":[
         6,
   6,
   6,
   6,
   6,
   6,
   6,
   6,
   6,
   6,
   6,
   6
      ],
   ""recharge"":5,
   ""recharge_threshold"":5,
   ""usable"": true
   }
]",,,none,NO BREATH WEAPON,,1,4,1,3,3,1,2,9
young red dragon,,chaotic evil ,dragon,large,natural armor,8,18,178,17,10,23,10,21,14,11,19,"[[""bite"", 10, 6, 10, 10], [""claw"", 10, 6, 6, 6], [""claw"", 10, 6, 6, 6]]",10,5900,0,"[
   {
      ""name"":""breath weapon"",
   ""role"":""damage"",
      ""num_targets"":[
         4
      ],
   ""max_targets"":21,
      ""type"":""fire"",
      ""save"":""dx"",
      ""dc"":17,
      ""damage"":[
         6,
   6,
   6,
   6,
   6,
   6,
   6,
   6,
   6,
   6,
   6,
   6,
   6,
   6,
   6,
   6
      ],
   ""recharge"":5,
   ""recharge_threshold"":5,
   ""usable"": true
   }
]",,,none,NO BREATH WEAPON,,0,6,0,5,2,0,4,12
young silver dragon,,lawful good ,dragon,large,natural armor,8,18,168,16,10,23,10,21,14,11,19,"[[""bite"", 10, 6, 10, 10], [""claw"", 10, 6, 6, 6], [""claw"", 10, 6, 6, 6]]",9,5000,0,"[
   {
      ""name"":""breath weapon"",
   ""role"":""damage"",
      ""num_targets"":[
         4
      ],
   ""max_targets"":21,
      ""type"":""cold"",
      ""save"":""cn"",
      ""dc"":17,
      ""damage"":[
         8,
   8,
   8,
   8,
   8,
   8,
   8,
   8,
   8,
   8,
   8,
   8
      ],
   ""recharge"":5,
   ""recharge_threshold"":5,
   ""usable"": true
   }
]",,,none,NO BREATH WEAPON,,0,6,0,5,2,0,4,10.5
young white dragon,,chaotic evil ,dragon,large,natural armor,7,17,133,14,10,18,10,18,6,11,12,"[[""bite"", 7, 4, 10, 10], [""claw"", 7, 4, 6, 6], [""claw"", 7, 4, 6, 6]]",6,2300,0,"[
   {
      ""name"":""breath weapon"",
   ""role"":""damage"",
      ""num_targets"":[
         4
      ],
   ""max_targets"":21,
      ""type"":""cold"",
      ""save"":""cn"",
      ""dc"":15,
      ""damage"":[
         8,
   8,
   8,
   8,
   8,
   8,
   8,
   8,
   8,
   8
      ],
   ""recharge"":5,
   ""recharge_threshold"":5,
   ""usable"": true
   }
]",,,none,NO BREATH WEAPON,,0,4,0,4,0,0,1,7
zombie,,neutral evil ,undead,medium,,-2,8,22,3,8,13,6,16,3,6,5,"[[""slam"", 3, 1, 6]]",0.25,50,0,none,,,none,,,0,1,0,3,0,0,0,10
